site,product_title,product_price,product_color,product_discription
https://loveandflair.com//products/elsin-maxi-halter-dress-in-espresso,Elsin Maxi Halter Dress In Espresso,"IDR 980,000",Espresso,"ELSIN MAXI HALTER DRESSThe Elsin Maxi Halter Dress is anchored by a clean cross-strap halter neckline that frames the shoulders and décolletage with quiet precision, flowing into a sleek, floor-length silhouette that skims the body with effortless composure. Its defining feature is a fluid chiffon cape that originates at the neck and falls in a long, unstructured panel — worn draping forward for a softly sculptural front effect, or swept to the back to reveal an open, bare reverse with a subtle back slit that lends an unexpected touch of sensuality. This versatility of wear transforms the dress into two distinct expressions of the same refined aesthetic, offering the wearer the freedom to style it entirely on her own terms. Rendered in lightweight chiffon that moves with an airy, weightless grace, and available in a warm espresso and a soft, luminous nude, the Elsin is a study in considered simplicity — designed for the woman who finds beauty in what is essential.Made in IndonesiaSIZE AND FIT INFORMATIONS Bust 80 cm | Waist 71 cm | Hip 92 cm | Length 139 cmM Bust 84 cm | Waist 75 cm | Hip 96 cm | Length 140 cmL Bust 85 cm | Waist 79 cm | Hip 100 cm | Length 141 cmAll measurements are taken by hand with the garment laid flat. Please allow for a 1–2 cm difference due to manual measurement.Please note that the color of the clothing may appear slightly different due to varying lighting conditions and monitor displaysCOMPOSITIONChiffonCAREHand wash, cold water, gentle detergentMODEL MEASUREMENTModel in Size SSHARIKAHeight 175 cm | Bust 78 cm | Waist 62 cm | Hips 87 cm"
https://loveandflair.com//products/cassiopeia-two-piece-dress-in-silver,Cassiopeia Two-Piece Dress In Silver,"IDR 1,299,000",Silver,"CASSIOPEIA TWO-PIECE DRESS IN SILVERLiquid silver that moves like water and reads expensive from across the room.Luminous silk-shimmer that glows under event lighting (and camera flash) without looking costume-yDraped two-piece: sculptural top over a floor-sweeping skirt, all flow, no stiffnessCut-out shoulder adds the detail so you don't have to over-accessoriseTwo pieces = two ways to wear it long after the night endsThe Cassiopeia in Silver is a two-piece maxi built for the moments that matter — gala nights, dress pesta, kondangan, New Year. Searching for a silver evening gown or metallic two-piece dress in Jakarta that feels elevated, not flashy? This is the one.Think silver's too much? This tone is soft and dusty, not disco — it flatters warm skin and works with gold or silver jewellery either way.SIZE AND FIT INFORMATIONDRESSSM Bust 96 cm | Waist 108 cm | Hip 127 cm | Length 130 cmML Bust 100 cm | Waist 112 cm | Hip 124 cm | Length 133 cmOUTER TOPSM Bust 86cm | Waist 90 cm | Hip 126 cm | Length 76 cmML Bust 90 cm | Waist 96 cm | Hip 132 cm | Length 78 cmAll measurements are taken by hand with the garment laid flat. Please allow for a 1-2 cm difference due to manual measurement.Please note that the color of the clothing may appear slightly different due to varying lighting conditions and monitor displaysCOMPOSITIONSilk Shimmer PolyesterCAREHand wash, cold water, gentle detergentMADE IN INDONESIAMODEL MEASUREMENTModel in Size SMFABELLAHeight 173 cm | Bust 72 cm | Waist 61 cm | Hips 88 cm"
https://loveandflair.com//products/ariselle-maxi-drape-dress-in-nude,Ariselle Maxi Drape Dress In Nude,"IDR 1,200,000",Nude,"ARISELLE MAXI DRAPE DRESSThe Ariselle Maxi Drape Dress is defined by a single, sculptural gesture — a softly gathered cowl at the high neckline that flows seamlessly into a draped panel at the waist, creating an asymmetric cascade of fabric that falls toward the hem with quiet, effortless grace. The sleeveless silhouette keeps the form clean and uncluttered, while the artful draping does the work of shaping, cinching softly at the midsection before releasing into a fluid, floor-length skirt. Rendered in a lustrous satin silk that moves and catches light with every step, the dress is offered in a warm, understated nude and a serene powder blue — two hues that let the cut speak entirely for itself, making the Ariselle an enduring choice for those who dress with intention.Made in IndonesiaSIZE AND FIT INFORMATIONS Bust 80 cm | Waist 70 cm | Hip 94 cm | Length 155 cmM Bust 84 cm | Waist 74 cm | Hip 98 cm | Length 156 cmL Bust 88 cm | Waist 78 cm | Hip 102 cm | Length 157 cmAll measurements are taken by hand with the garment laid flat. Please allow for a 1–2 cm difference due to manual measurement.Please note that the color of the clothing may appear slightly different due to varying lighting conditions and monitor displaysCOMPOSITIONSatin SilkCAREHand wash, cold water, gentle detergentMODEL MEASUREMENTModel in Size SSHARIKAHeight 175 cm | Bust 78 cm | Waist 62 cm | Hips 87 cm"
https://loveandflair.com//products/elyna-maxi-draped-dress-in-nude,Elyna Maxi Draped Dress In Nude (Extra Shawl),"IDR 1,099,000",Nude,"ELYNA MAXI DRAPED DRESSThe Elyna Maxi Draped Dress is the embodiment of evening opulence, marrying fluid architectural draping with the inherent luminosity of satin silk to create a gown of rare and enduring elegance. At the front, a softly cowled neckline falls in gentle, cascading folds across the décolletage, lending an air of Grecian-inspired grace to the otherwise sleek and column-like silhouette, while at the back, a dramatic draped panel descends from the nape of the neck in a sweeping, cape-like fall that trails toward the hem, transforming the gown into a statement of understated grandeur from every angle. The bias-cut skirt flows seamlessly to the floor with a refined flare, allowing the satin silk fabric to move with a liquid, second-skin quality that catches the light in a continuous, shifting shimmer. A versatile scarf-like accent adds an element of personal expression, worn loosely at the neck or drawn elegantly over the shoulder. Available in a deep, commanding black and a soft, skin-toned nude, the Elyna Maxi Draped Dress is conceived for the woman who commands a room with quiet authority, making it the definitive choice for the most distinguished of occasions.Made in IndonesiaSIZE AND FIT INFORMATIONS Bust 85 cm | Waist 72 cm | Hip 96 cm | Length 148 cmM Bust 89 cm | Waist 76 cm | Hip 100 cm | Length 149 cmL Bust 93 cm | Waist 80 cm | Hip 104 cm | Length 150 cmAll measurements are taken by hand with the garment laid flat. Please allow for a 1–2 cm difference due to manual measurement.Please note that the color of the clothing may appear slightly different due to varying lighting conditions and monitor displaysCOMPOSITIONSatin SilkCAREHand wash, cold water, gentle detergentMODEL MEASUREMENTModel in Size SMILENAHeight 172 cm | Bust 73 cm | Waist 58 cm | Hips 79 cm"
https://loveandflair.com//products/isla-maxi-halter-dress-in-espresso,Isla Maxi Halter Dress In Espresso,"IDR 1,200,000",Espresso,"ISLA MAXI HALTER DRESSThe Isla Maxi Halter Dress captures effortless elegance with its flowing silhouette and delicately gathered halter neckline, accented by a refined metallic detail that lends a touch of understated glamour. Crafted from lightweight crinkle fabric, this graceful maxi dress drapes beautifully with every movement, creating an ethereal and elongated profile. The open neckline and fluid construction offer a perfect balance of sophistication and ease, making it an ideal choice for garden soirées, sunset occasions, or elevated resort dressing. Available in soft nude and serene blue, the Isla Maxi Halter Dress embodies timeless femininity with a modern, graceful allure.Made in IndonesiaSIZE AND FIT INFORMATIONS Bust 82 cm | Waist 72 cm | Hip 112 cm | Length 138 cmM Bust 86 cm | Waist 76 cm | Hip 116 cm | Length 139 cmL Bust 90 cm | Waist 80 cm | Hip 120 cm | Length 140 cmAll measurements are taken by hand with the garment laid flat. Please allow for a 1–2 cm difference due to manual measurement.Please note that the color of the clothing may appear slightly different due to varying lighting conditions and monitor displaysCOMPOSITIONCrinkleCAREHand wash, cold water, gentle detergentKeep brooch from harsh chemical, recommend for dry cleanMODEL MEASUREMENTModel in Size SANGELHeight 170 cm | Bust 74 cm | Waist 60 cm | Hips 78 cm"
https://loveandflair.com//products/alessia-maxi-drape-dress-in-beige,Alessia Maxi Drape Dress In Beige,"IDR 1,350,000",Beige,"ALESSIA MAXI DRAPE DRESSThe Alessia Maxi Drape Dress distills elegance to its essentials — a softly folded asymmetric neckline that gathers at one shoulder, flowing into a clean, sleeveless bodice before meeting a self-tie bow at the waist that cinches and drapes in a long, languid fall down the skirt. The lightweight polyester moves with the transparency and fluidity of fine chiffon, layering softly over itself to create a quietly luxurious depth of fabric that catches light without demanding it. The silhouette is generous yet considered, skimming the body from waist to floor in an effortless sweep that feels equally at home at an intimate gathering or a grand evening occasion. In its single, understated nude, the Alessia is a study in the power of simplicity — a dress that lets the woman wearing it speak for herself.SIZE AND FIT INFORMATIONS Bust 88 cm | Waist 82 cm | Hip 100 cm | Length 145 cmM Bust 92 cm | Waist 86 cm | Hip 104 cm | Length 146 cmL Bust 96 cm | Waist 90 cm | Hip 108 cm | Length 147 cmAll measurements are taken by hand with the garment laid flat. Please allow for a 1–2 cm difference due to manual measurement.Please note that the color of the clothing may appear slightly different due to varying lighting conditions and monitor displaysCOMPOSITIONPolyesterCAREHand wash, cold water, gentle detergentMADE IN INDONESIAMODEL MEASUREMENTModel in Size SMILENAHeight 172 cm | Bust 73 cm | Waist 58 cm | Hips 79 cm"
https://loveandflair.com//products/sylena-maxi-halter-dress-in-sage,Sylena Maxi Halter Dress In Sage,"IDR 1,299,000",Sage,"SYLENA MAXI HALTER DRESSThe Sylena Maxi Halter Dress is pure light in motion — a gathered halter neckline releases into a voluminous, floor-sweeping silhouette crafted in a silk shimmer polyester that catches and holds luminosity with every subtle shift of movement. Effortlessly unstructured in its drape, the gown falls from the neck in generous, flowing lines that pool softly at the hem, while the open back lends an understated sensuality to an otherwise serene silhouette. Available in a whisper-soft pink and a cool, luminous sage, the Sylena is dressing at its most elemental — nothing more than beautiful fabric, perfectly placed.Made in IndonesiaSIZE AND FIT INFORMATIONS Bust 88 cm | Waist 88 cm | Hip 100 cm | Length 145 cmM Bust 92 cm | Waist 92 cm | Hip 104 cm | Length 146 cmL Bust 96 cm | Waist 96 cm | Hip 108 cm | Length 147 cmAll measurements are taken by hand with the garment laid flat. Please allow for a 1–2 cm difference due to manual measurement.Please note that the color of the clothing may appear slightly different due to varying lighting conditions and monitor displaysCOMPOSITIONSilk Shimmer PolyesterCAREHand wash, cold water, gentle detergentMODEL MEASUREMENTModel in Size SMILENAHeight 172 cm | Bust 73 cm | Waist 58 cm | Hips 79 cm"
https://loveandflair.com//products/ceres-two-piece-dress-in-espresso-1,Ceres Two-piece Dress In Espresso,"IDR 1,200,000",Espresso,"CERES TWO-PIECE DRESSThe Ceres Two-piece Dress in Black is a study in understated elegance, rendered in lightweight polyester that creates a soft, sweeping silhouette. Its flowing panels evoke a sense of effortless movement, while the minimalist design highlights the gown’s timeless refinement. Versatile and gracefully composed, this piece serves as the perfect foundation for evening ensembles, lending a touch of modern romance and polished allure.Made in IndonesiaSIZE AND FIT INFORMATIONOUTERS Bust 90 cm | Waist 79 cm | Hip 100-224 cm | Length 143 cmM Bust 94 cm | Waist 81 cm | Hip 104-228 cm | Length 144 cmL Bust 98 cm | Waist 85 cm | Hip 108-132 cm | Length 145 cmINNERS Bust 84 cm | Waist 78 cm | Hip 114 cm | Length 131 cmM Bust 88 cm | Waist 80 cm | Hip 118 cm | Length 132 cmL Bust 92 cm | Waist 82 cm | Hip 122 cm | Length 133 cmAll measurements are taken by hand with the garment laid flat. Please allow for a 1-2 cm difference due to manual measurement.Please note that the color of the clothing may appear slightly different due to varying lighting conditions and monitor displaysCOMPOSITIONPolyesterCAREHand wash, cold water, gentle detergentMODEL MEASUREMENTModel in Size SJOYAHeight 172 cm | Bust 79 cm | Waist 50 cm | Hips 91 cm"
https://loveandflair.com//products/astiere-maxi-dress-in-cream,Astiere Maxi Dress In Cream,"IDR 999,000",Cream,"ASTIERE MAXI DRESSRendered in a soft, fluid polyester, the Astiere Maxi Dress In Cream is adorned with delicate crystal medallion embroidery scattered across its A-line silhouette, each intricate cluster catching the light with quiet, jewel-like radiance; a structured high neckline sits close at the throat before releasing into an elegant sash that trails from the shoulder, while the sleeveless bodice falls into a graceful, ankle-grazing hem with a low, elegant V at the back — a considered pairing of minimalist form and ornate detail that lends the piece a bridal, ethereal quality, ideally suited to the woman dressing for a moment that calls for quiet, refined splendor.Please Note:The placement of the embroidery may vary from piece to piece. Due to the production process, the embroidery details may not be positioned exactly the same as shown in the product photos. Each piece may have slightly different embroidery placement, while the overall design remains the same.SIZE AND FIT INFORMATIONOne Size Bust 94 cm | Waist 102 cm | Hip 110 cm | Length 134.5 cmAll measurements are taken by hand with the garment laid flat. Please allow for a 1–2 cm difference due to manual measurement.Please note that the color of the clothing may appear slightly different due to varying lighting conditions and monitor displaysCOMPOSITIONPolyesterCAREHand wash, cold water, gentle detergentMADE IN CHINAMODEL MEASUREMENTModel in Size One SizeMILENAHeight 172 cm | Bust 73 cm | Waist 58 cm | Hips 79 cm"
https://loveandflair.com//products/truette-two-piece-mini-dress-in-espresso,Truette Two-piece Mini Dress In Espresso,"IDR 749,000",Espresso,"TRUETTE TWO-PIECE MINI DRESSThe Truette Two-piece Mini Dress exudes refined elegance with a modern romantic allure, crafted from lustrous polyester that drapes effortlessly to create a graceful, sculpted silhouette. Designed as a two-piece ensemble with a delicately sheer outer layer and a sleek, structured inner dress, it features soft balloon sleeves, a subtle high neckline, and a beautifully flared mini skirt that moves with an airy, feminine fluidity. Offered in an exquisite palette of porcelain, navy, and maroon, this piece balances sophistication and charm, making it an exceptional choice for soirées, celebrations, or any moment that calls for poised, standout style.Made in IndonesiaSIZE AND FIT INFORMATIONS Bust 88 cm | Waist 69 cm | Sleeve 89 cm | Length 60 cmM Bust 92 cm | Waist 73 cm | Sleeve 90 cm | Length 61 cmL Bust 96 cm | Waist 77 cm | Sleeve 91 cm | Length 62 cmAll measurements are taken by hand with the garment laid flat. Please allow for a 1–2 cm difference due to manual measurement.Please note that the color of the clothing may appear slightly different due to varying lighting conditions and monitor displaysCOMPOSITIONPolyesterCAREHand wash, cold water, gentle detergentMODEL MEASUREMENTModel in Size SSHARONHeight 173 cm | Bust 77 cm | Waist 60 cm | Hips 83 cm"
https://loveandflair.com//products/cassiopeia-two-piece-dress-in-dusty-pink,Cassiopeia Two-Piece Dress In Dusty Pink,"IDR 1,299,000",Dusty Pink,"CASSIOPEIA TWO-PIECE DRESSThe dress people will ask you about — soft blush, liquid drape, zero effort.Two pieces, endless outfits: wear the draped top and maxi skirt together, or split them across your wardrobeSilk-shimmer fabric catches the light just enough — photographs beautifully day or nightAsymmetric drape + cut-out shoulder do the styling for you; just add heelsCut to flow, not cling — flattering on a real body, not just the mannequinThe Cassiopeia is a two-piece maxi dress in soft cotton-candy pink — a go-to for kondangan, bridesmaid duties, engagements, and any dress pesta where you want to feel quietly expensive. If you've been searching for a pink occasion dress or two-piece long dress that isn't the same satin everyone owns, this is it.Worried a two-piece is fussy? It slips on like one dress — and because the skirt and top work separately, you'll re-wear it long after the event.Made in IndonesiaSIZE AND FIT INFORMATIONDRESSSM Bust 96 cm | Waist 108 cm | Hip 127 cm | Length 130 cmML Bust 100 cm | Waist 112 cm | Hip 124 cm | Length 133 cmOUTER TOPSM Bust 86cm | Waist 90 cm | Hip 126 cm | Length 76 cmML Bust 90 cm | Waist 96 cm | Hip 132 cm | Length 78 cmAll measurements are taken by hand with the garment laid flat. Please allow for a 1-2 cm difference due to manual measurement.Please note that the color of the clothing may appear slightly different due to varying lighting conditions and monitor displaysCOMPOSITIONSilk Shimmer PolyesterCAREHand wash in cold water with a gentle detergent to preserve the fabric's beauty.MODEL MEASUREMENTSModel is wearing size SMILENAHeight 172 cm | Bust 73 cm | Waist 58 cm | Hips 79 cm"
https://loveandflair.com//products/cassiopeia-two-piece-dress-in-sage,Cassiopeia Two-Piece Dress In Sage,"IDR 1,299,000",Sage,"CASSIOPEIA TWO-PIECE DRESSThe dress people will ask you about — soft blush, liquid drape, zero effort.Two pieces, endless outfits: wear the draped top and maxi skirt together, or split them across your wardrobeSilk-shimmer fabric catches the light just enough — photographs beautifully day or nightAsymmetric drape + cut-out shoulder do the styling for you; just add heelsCut to flow, not cling — flattering on a real body, not just the mannequinThe Cassiopeia is a two-piece maxi dress in soft cotton-candy pink — a go-to for kondangan, bridesmaid duties, engagements, and any dress pesta where you want to feel quietly expensive. If you've been searching for a pink occasion dress or two-piece long dress that isn't the same satin everyone owns, this is it.Worried a two-piece is fussy? It slips on like one dress — and because the skirt and top work separately, you'll re-wear it long after the event.Made in IndonesiaSIZE AND FIT INFORMATIONDRESSSM Bust 96 cm | Waist 108 cm | Hip 127 cm | Length 130 cmML Bust 100 cm | Waist 112 cm | Hip 124 cm | Length 133 cmOUTER TOPSM Bust 86cm | Waist 90 cm | Hip 126 cm | Length 76 cmML Bust 90 cm | Waist 96 cm | Hip 132 cm | Length 78 cmAll measurements are taken by hand with the garment laid flat. Please allow for a 1-2 cm difference due to manual measurement.Please note that the color of the clothing may appear slightly different due to varying lighting conditions and monitor displaysCOMPOSITIONSilk Shimmer PolyesterCAREHand wash in cold water with a gentle detergent to preserve the fabric's beauty.MODEL MEASUREMENTSModel is wearing size SMILENAHeight 172 cm | Bust 73 cm | Waist 58 cm | Hips 79 cm"
https://loveandflair.com//products/arivana-two-piece-dress-in-espresso,Arivana Two-Piece Dress In Espresso,"IDR 1,200,000",Espresso,"ARIVANA TWO-PIECE DDRESSThe Arivana Two-Piece Dress is a masterfully considered ensemble that unites structured sophistication with fluid, romantic ease in one seamlessly cohesive look. The fitted corset-inspired top, crafted in a smooth polyester, features a clean square neckline framed by broad, architectural straps that lend a refined formality to the silhouette, while the body-skimming construction cinches and sculpts the waist with quiet precision before releasing into a dramatic asymmetric hemline that sweeps diagonally across the hip, adding an unexpected and thoroughly modern edge to the design. At the back, an intricate lace-up corset closure elevates the piece into a work of considered craftsmanship, offering both an adjustable, personalised fit and a striking visual detail that makes the reverse view equally compelling. Paired with a generously flowing chiffon maxi skirt that moves with effortless, billowing grace and features a sultry front side slit that reveals a glimpse of leg with every step, the ensemble strikes a distinguished balance between restrained elegance and sensuous movement. Available in a rich, enveloping espresso and a soft, luminous nude, the Arivana Two-Piece Dress is conceived for the woman of discerning taste who commands every occasion with understated, unwavering grace.Made in IndonesiaSIZE AND FIT INFORMATIONSTOP Bust 86 cm | Waist 70 cm | Length 52-71 cmBOTTOMS Waist 64-76 cm | Hip 145 cm | Length 110 cmMTOP Bust 90 cm | Waist 74 cm | Length 53-72 cmBOTTOMS Waist 68-82 cm | Hip 152 cm | Length 112 cmLTOP Bust 94 cm | Waist 78 cm | Length 54-73 cmBOTTOMS Waist 68-82 cm | Hip 152 cm | Length 112 cmAll measurements are taken by hand with the garment laid flat. Please allow for a 1–2 cm difference due to manual measurement.Please note that the color of the clothing may appear slightly different due to varying lighting conditions and monitor displaysCOMPOSITIONChiffonCAREHand wash, cold water, gentle detergentMODEL MEASUREMENTModel in Size SSHARIKAHeight 175 cm | Bust 78 cm | Waist 62 cm | Hips 87 cm"
https://loveandflair.com//products/ceres-two-piece-dress-in-beige,Ceres Two-piece Dress In Beige,"IDR 1,200,000",Beige,"CERES TWO-PIECE DRESSThe Ceres Two-piece Dress in Black is a study in understated elegance, rendered in lightweight polyester that creates a soft, sweeping silhouette. Its flowing panels evoke a sense of effortless movement, while the minimalist design highlights the gown’s timeless refinement. Versatile and gracefully composed, this piece serves as the perfect foundation for evening ensembles, lending a touch of modern romance and polished allure.SIZE AND FIT INFORMATIONOUTERS Bust 90 cm | Waist 79 cm | Hip 100-224 cm | Length 143 cmM Bust 94 cm | Waist 81 cm | Hip 104-228 cm | Length 144 cmL Bust 98 cm | Waist 85 cm | Hip 108-132 cm | Length 145 cmINNERS Bust 84 cm | Waist 78 cm | Hip 114 cm | Length 131 cmM Bust 88 cm | Waist 80 cm | Hip 118 cm | Length 132 cmL Bust 92 cm | Waist 82 cm | Hip 122 cm | Length 133 cmAll measurements are taken by hand with the garment laid flat. Please allow for a 1-2 cm difference due to manual measurement.Please note that the color of the clothing may appear slightly different due to varying lighting conditions and monitor displaysCOMPOSITIONPolyesterCAREHand wash, cold water, gentle detergentMADE IN INDONESIAMODEL MEASUREMENTModel in Size SJOYAHeight 172 cm | Bust 79 cm | Waist 50 cm | Hips 91 cm"
https://loveandflair.com//products/ghieri-maxi-dress-in-peach,Ghieri Maxi Dress In Peach,"IDR 999,000",Peach,"GHIERI MAXI DRESSRendered in a finely crinkled polyester with a soft, textural sheen, the Ghieri Maxi Dress captures effortless movement through its billowing, tent-like silhouette — a gathered high neckline wraps softly around the throat and ties into a long, draping sash at the back, lending the piece an air of relaxed drama, while the voluminous body falls freely from the shoulders into a graceful, sweeping hem that gathers gently at the ankle for a subtly cocooned finish; available in a fresh green and a delicate peach, this dress moves fluidly with the body, offering a sculptural yet weightless silhouette suited to the woman who appreciates understated, elevated ease.Made in ChinaSIZE AND FIT INFORMATIONOne Size Bust 98 cm | Waist 106 cm | Hip 120 cm | Length 117 cmAll measurements are taken by hand with the garment laid flat. Please allow for a 1–2 cm difference due to manual measurement.Please note that the color of the clothing may appear slightly different due to varying lighting conditions and monitor displaysCOMPOSITIONPolyesterCAREHand wash, cold water, gentle detergentMODEL MEASUREMENTModel in Size One SizeFABELLAHeight 173 cm | Bust 72 cm | Waist 61 cm | Hips 88 cm"
https://loveandflair.com//products/arivana-two-piece-dress-in-nude,Arivana Two-Piece Dress In Nude,"IDR 1,200,000",Nude,"ARIVANA TWO-PIECE DRESSThe Arivana Two-Piece Dress is a masterfully considered ensemble that unites structured sophistication with fluid, romantic ease in one seamlessly cohesive look. The fitted corset-inspired top, crafted in a smooth polyester, features a clean square neckline framed by broad, architectural straps that lend a refined formality to the silhouette, while the body-skimming construction cinches and sculpts the waist with quiet precision before releasing into a dramatic asymmetric hemline that sweeps diagonally across the hip, adding an unexpected and thoroughly modern edge to the design. At the back, an intricate lace-up corset closure elevates the piece into a work of considered craftsmanship, offering both an adjustable, personalised fit and a striking visual detail that makes the reverse view equally compelling. Paired with a generously flowing chiffon maxi skirt that moves with effortless, billowing grace and features a sultry front side slit that reveals a glimpse of leg with every step, the ensemble strikes a distinguished balance between restrained elegance and sensuous movement. Available in a rich, enveloping espresso and a soft, luminous nude, the Arivana Two-Piece Dress is conceived for the woman of discerning taste who commands every occasion with understated, unwavering grace.Made in IndonesiaSIZE AND FIT INFORMATIONSTOP Bust 86 cm | Waist 70 cm | Length 52-71 cmBOTTOMS Waist 64-76 cm | Hip 145 cm | Length 110 cmMTOP Bust 90 cm | Waist 74 cm | Length 53-72 cmBOTTOMS Waist 68-82 cm | Hip 152 cm | Length 112 cmLTOP Bust 94 cm | Waist 78 cm | Length 54-73 cmBOTTOMS Waist 68-82 cm | Hip 152 cm | Length 112 cmAll measurements are taken by hand with the garment laid flat. Please allow for a 1–2 cm difference due to manual measurement.Please note that the color of the clothing may appear slightly different due to varying lighting conditions and monitor displaysCOMPOSITIONChiffonCAREHand wash, cold water, gentle detergentMODEL MEASUREMENTModel in Size SSHARIKAHeight 175 cm | Bust 78 cm | Waist 62 cm | Hips 87 cm"
https://loveandflair.com//products/elsin-maxi-halter-dress-in-nude,Elsin Maxi Halter Dress In Nude,"IDR 980,000",Nude,"ELSIN MAXI HALTER DRESSThe Elsin Maxi Halter Dress is anchored by a clean cross-strap halter neckline that frames the shoulders and décolletage with quiet precision, flowing into a sleek, floor-length silhouette that skims the body with effortless composure. Its defining feature is a fluid chiffon cape that originates at the neck and falls in a long, unstructured panel — worn draping forward for a softly sculptural front effect, or swept to the back to reveal an open, bare reverse with a subtle back slit that lends an unexpected touch of sensuality. This versatility of wear transforms the dress into two distinct expressions of the same refined aesthetic, offering the wearer the freedom to style it entirely on her own terms. Rendered in lightweight chiffon that moves with an airy, weightless grace, and available in a warm espresso and a soft, luminous nude, the Elsin is a study in considered simplicity — designed for the woman who finds beauty in what is essential.Made in IndonesiaSIZE AND FIT INFORMATIONS Bust 80 cm | Waist 71 cm | Hip 92 cm | Length 139 cmM Bust 84 cm | Waist 75 cm | Hip 96 cm | Length 140 cmL Bust 85 cm | Waist 79 cm | Hip 100 cm | Length 141 cmAll measurements are taken by hand with the garment laid flat. Please allow for a 1–2 cm difference due to manual measurement.Please note that the color of the clothing may appear slightly different due to varying lighting conditions and monitor displaysCOMPOSITIONChiffonCAREHand wash, cold water, gentle detergentMODEL MEASUREMENTModel in Size SMILENAHeight 172 cm | Bust 73 cm | Waist 58 cm | Hips 79 cm"
https://loveandflair.com//products/elsin-maxi-halter-dress-in-sage,Elsin Maxi Halter Dress In Sage,"IDR 980,000",Sage,"ELSIN MAXI HALTER DRESSThe Elsin Maxi Halter Dress is anchored by a clean cross-strap halter neckline that frames the shoulders and décolletage with quiet precision, flowing into a sleek, floor-length silhouette that skims the body with effortless composure. Its defining feature is a fluid chiffon cape that originates at the neck and falls in a long, unstructured panel — worn draping forward for a softly sculptural front effect, or swept to the back to reveal an open, bare reverse with a subtle back slit that lends an unexpected touch of sensuality. This versatility of wear transforms the dress into two distinct expressions of the same refined aesthetic, offering the wearer the freedom to style it entirely on her own terms. Rendered in lightweight chiffon that moves with an airy, weightless grace, and available in a warm espresso and a soft, luminous nude, the Elsin is a study in considered simplicity — designed for the woman who finds beauty in what is essential.Made in IndonesiaSIZE AND FIT INFORMATIONS Bust 80 cm | Waist 71 cm | Hip 92 cm | Length 139 cmM Bust 84 cm | Waist 75 cm | Hip 96 cm | Length 140 cmL Bust 85 cm | Waist 79 cm | Hip 100 cm | Length 141 cmAll measurements are taken by hand with the garment laid flat. Please allow for a 1–2 cm difference due to manual measurement.Please note that the color of the clothing may appear slightly different due to varying lighting conditions and monitor displaysCOMPOSITIONChiffonCAREHand wash, cold water, gentle detergentMODEL MEASUREMENTModel in Size SMILENAHeight 172 cm | Bust 73 cm | Waist 58 cm | Hips 79 cm"
https://loveandflair.com//products/ghieri-maxi-dress-in-olive,Ghieri Maxi Dress In Green,"IDR 999,000",Green,"GHIERI MAXI DRESSRendered in a finely crinkled polyester with a soft, textural sheen, the Ghieri Maxi Dress captures effortless movement through its billowing, tent-like silhouette — a gathered high neckline wraps softly around the throat and ties into a long, draping sash at the back, lending the piece an air of relaxed drama, while the voluminous body falls freely from the shoulders into a graceful, sweeping hem that gathers gently at the ankle for a subtly cocooned finish; available in a fresh green and a delicate peach, this dress moves fluidly with the body, offering a sculptural yet weightless silhouette suited to the woman who appreciates understated, elevated ease.SIZE AND FIT INFORMATIONOne Size Bust 98 cm | Waist 106 cm | Hip 120 cm | Length 117 cmAll measurements are taken by hand with the garment laid flat. Please allow for a 1–2 cm difference due to manual measurement.Please note that the color of the clothing may appear slightly different due to varying lighting conditions and monitor displaysCOMPOSITIONPolyesterCAREHand wash, cold water, gentle detergentMADE IN CHINAMODEL MEASUREMENTModel in Size One SizeFABELLAHeight 173 cm | Bust 72 cm | Waist 61 cm | Hips 88 cm"
https://loveandflair.com//products/ariselle-maxi-drape-dress-in-sage,Ariselle Maxi Drape Dress In Sage,"IDR 1,200,000",Sage,"ARISELLE MAXI DRAPE DRESSThe Ariselle Maxi Drape Dress is defined by a single, sculptural gesture — a softly gathered cowl at the high neckline that flows seamlessly into a draped panel at the waist, creating an asymmetric cascade of fabric that falls toward the hem with quiet, effortless grace. The sleeveless silhouette keeps the form clean and uncluttered, while the artful draping does the work of shaping, cinching softly at the midsection before releasing into a fluid, floor-length skirt. Rendered in a lustrous satin silk that moves and catches light with every step, the dress is offered in a warm, understated nude and a serene powder blue — two hues that let the cut speak entirely for itself, making the Ariselle an enduring choice for those who dress with intention.Made in IndonesiaSIZE AND FIT INFORMATIONS Bust 80 cm | Waist 70 cm | Hip 94 cm | Length 155 cmM Bust 84 cm | Waist 74 cm | Hip 98 cm | Length 156 cmL Bust 88 cm | Waist 78 cm | Hip 102 cm | Length 157 cmAll measurements are taken by hand with the garment laid flat. Please allow for a 1–2 cm difference due to manual measurement.Please note that the color of the clothing may appear slightly different due to varying lighting conditions and monitor displaysCOMPOSITIONSatin SilkCAREHand wash, cold water, gentle detergentMODEL MEASUREMENTModel in Size SMILENAHeight 172 cm | Bust 73 cm | Waist 58 cm | Hips 79 cm"
https://loveandflair.com//products/cosima-maxi-drape-bodycon-dress-in-black,Cosima Maxi Drape Bodycon Dress In Black,"IDR 999,000",Black,"COSIMA MAXI DRAPE BODYCON DRESSCut from a smooth polyester-spandex blend with just the right amount of stretch, the Cosima Maxi Drape Bodycon Dress moves like a study in restrained glamour — a draped cowl neckline sits high at the collarbone and extends into structured cap sleeves, while the fitted bodice traces the waist before gathering into a sculpted knot at the hip, releasing a cascading front drape that flows asymmetrically down the length of the floor-grazing skirt; finished with a clean back seam and concealed zip closure, this dress skims the body in an elegant, uninterrupted column, making it a striking choice for the woman who wants evening dressing that feels both modern and quietly commanding.SIZE AND FIT INFORMATIONS Bust 76 cm | Waist 62 cm | Hip 92 cm | Length 145 cmM Bust 80 cm | Waist 66 cm | | Hip 96 cm | Length 146 cmL Bust 84 cm | Waist 70 cm | Hip 100 cm | Length 147 cmAll measurements are taken by hand with the garment laid flat. Please allow for a 1–2 cm difference due to manual measurement.Please note that the color of the clothing may appear slightly different due to varying lighting conditions and monitor displaysCOMPOSITIONPolyester SpandexCAREHand wash, cold water, gentle detergentMADE IN INDONESIAMODEL MEASUREMENTModel in Size One SizeSHARIKAHeight 175 cm | Bust 78 cm | Waist 62 cm | Hips 87 cm"
https://loveandflair.com//products/ariselle-maxi-drape-dress-in-blue,Ariselle Maxi Drape Dress In Blue,"IDR 1,200,000",Blue,"ARISELLE MAXI DRAPE DRESSThe Ariselle Maxi Drape Dress is defined by a single, sculptural gesture — a softly gathered cowl at the high neckline that flows seamlessly into a draped panel at the waist, creating an asymmetric cascade of fabric that falls toward the hem with quiet, effortless grace. The sleeveless silhouette keeps the form clean and uncluttered, while the artful draping does the work of shaping, cinching softly at the midsection before releasing into a fluid, floor-length skirt. Rendered in a lustrous satin silk that moves and catches light with every step, the dress is offered in a warm, understated nude and a serene powder blue — two hues that let the cut speak entirely for itself, making the Ariselle an enduring choice for those who dress with intention.Made in IndonesiaSIZE AND FIT INFORMATIONS Bust 80 cm | Waist 70 cm | Hip 94 cm | Length 155 cmM Bust 84 cm | Waist 74 cm | Hip 98 cm | Length 156 cmL Bust 88 cm | Waist 78 cm | Hip 102 cm | Length 157 cmAll measurements are taken by hand with the garment laid flat. Please allow for a 1–2 cm difference due to manual measurement.Please note that the color of the clothing may appear slightly different due to varying lighting conditions and monitor displaysCOMPOSITIONSatin SilkCAREHand wash, cold water, gentle detergentMODEL MEASUREMENTModel in Size SMILENAHeight 172 cm | Bust 73 cm | Waist 58 cm | Hips 79 cm"
https://loveandflair.com//products/auralis-maxi-dress-in-plum,Auralis Maxi Dress In Plum,"IDR 1,299,000",Plum,"AURALIS MAXI DRESS PLUMThe Auralis Maxi Dress is a gown of unequivocal evening magnificence, conceived for the woman who understands that true elegance lies in the harmony of structure and sensuality. A graceful halter neckline descends into a precisely cut V-front, framing the décolletage with confident, understated allure, while the sleeveless silhouette lends an openness and ease to the upper body that is both modern and timelessly feminine. The bodice is expertly tailored to sculpt and define the waist, before releasing into a dramatically full, floor-sweeping A-line skirt that moves with a breathtaking, sweeping grandeur with every step. At the back, a beautifully crafted corset lace-up closure serves as a crowning detail, adding an element of artisanal intricacy and a customised, second-skin fit that transforms the reverse view into an equally compelling focal point. Rendered in a satin silk of extraordinary luminosity, the fabric catches and reflects light with a rich, continuous sheen that elevates the gown into a work of wearable artistry. Available in a deep, commanding plum and a radiant, golden champagne, the Auralis Maxi Dress is the definitive choice for those who wish to make an entrance of lasting and effortless distinction.Made in IndonesiaSIZE AND FIT INFORMATIONS Bust 82 cm | Waist 72 cm | Hip 108 cm | Length 157 cmM Bust 86 cm | Waist 76 cm | Hip 112 cm | Length 158 cmL Bust 90 cm | Waist 80 cm | Hip 116 cm | Length 159 cmAll measurements are taken by hand with the garment laid flat. Please allow for a 1–2 cm difference due to manual measurement.Please note that the color of the clothing may appear slightly different due to varying lighting conditions and monitor displaysCOMPOSITIONSatin SilkCAREHand wash, cold water, gentle detergentMODEL MEASUREMENTModel in Size SSHARIKAHeight 175 cm | Bust 78 cm | Waist 62 cm | Hips 87 cm"
https://loveandflair.com//products/lunavia-maxi-dress-in-navy,Lunavia Maxi Dress In Navy,"IDR 1,150,000",Navy,"LUNAVIA MAXI DRESSThe Lunavia Maxi Dress speaks in the refined language of restraint, its beauty rooted in a single, considered gesture — a softly draped collar that falls in a long, narrow cascade down the front, anchored at the shoulder by a slender gold pin brooch that catches the light with quiet precision. The sleeveless silhouette flows from neckline to floor in one uninterrupted line of satin silk, its surface shifting between deep navy and luminous cobalt as light moves across its flawless finish. Clean at the back, generous in its train, and entirely free of excess, the Lunavia is a gown for the woman who understands that true sophistication requires nothing more than the perfect cut, the right fabric, and one beautifully placed detail.Made in IndonesiaSIZE AND FIT INFORMATIONS Bust 88 cm | Waist 80 cm | Hip 96 cm | Length 145 cmM Bust 92 cm | Waist 84 cm | Hip 100 cm | Length 146 cmL Bust 96 cm | Waist 88 cm | Hip 104 cm | Length 147 cmAll measurements are taken by hand with the garment laid flat. Please allow for a 1–2 cm difference due to manual measurement.Please note that the color of the clothing may appear slightly different due to varying lighting conditions and monitor displaysCOMPOSITIONSatin SilkCAREHand wash, cold water, gentle detergentMODEL MEASUREMENTModel in Size SSHARIKAHeight 175 cm | Bust 78 cm | Waist 62 cm | Hips 87 cm"
https://loveandflair.com//products/sienna-midi-drape-dress-in-porcelain,Sienna Midi Drape Dress In Porcelain,"IDR 950,000",Porcelain,"SIENNA MIDI DRAPE DRESSThe Sienna Midi Drape Dress is an ode to softness — a gently cowled neckline falls in loose, unfussy folds across the chest, while a wrap sash tied at the waist introduces the dress's defining gesture: a layered drape of sheer fabric that wraps the skirt in a whisper of translucency, its trailing end falling freely at the hem with effortless, unhurried grace. The sleeveless silhouette remains clean and unadorned, allowing the interplay between the opaque underlayer and the sheer overlay to carry the full quiet beauty of the piece. In a single, luminous porcelain, the Sienna is the kind of dress that feels both intimate and elevated — made for the woman who finds her confidence in stillness.Made in IndonesiaSIZE AND FIT INFORMATIONS Bust 86 cm | Waist 74 cm | Hip 96 cm | Length 121 cmM Bust 90 cm | Waist 78 cm | Hip 100 cm | Length 122 cmL Bust 94 cm | Waist 82 cm | Hip 104 cm | Length 123 cmAll measurements are taken by hand with the garment laid flat. Please allow for a 1–2 cm difference due to manual measurement.Please note that the color of the clothing may appear slightly different due to varying lighting conditions and monitor displaysCOMPOSITIONPolyesterCAREHand wash, cold water, gentle detergentMODEL MEASUREMENTModel in Size SJOYAHeight 172 cm | Bust 79 cm | Waist 50 cm | Hips 91 cm"
https://loveandflair.com//products/isla-maxi-halter-dress-in-blue,Isla Maxi Halter Dress In Blue,"IDR 1,200,000",Blue,"ISLA MAXI HALTER DRESSThe Isla Maxi Halter Dress captures effortless elegance with its flowing silhouette and delicately gathered halter neckline, accented by a refined metallic detail that lends a touch of understated glamour. Crafted from lightweight crinkle fabric, this graceful maxi dress drapes beautifully with every movement, creating an ethereal and elongated profile. The open neckline and fluid construction offer a perfect balance of sophistication and ease, making it an ideal choice for garden soirées, sunset occasions, or elevated resort dressing. Available in soft nude and serene blue, the Isla Maxi Halter Dress embodies timeless femininity with a modern, graceful allure.SIZE AND FIT INFORMATIONS Bust 82 cm | Waist 72 cm | Hip 112 cm | Length 138 cmM Bust 86 cm | Waist 76 cm | Hip 116 cm | Length 139 cmL Bust 90 cm | Waist 80 cm | Hip 120 cm | Length 140 cmAll measurements are taken by hand with the garment laid flat. Please allow for a 1–2 cm difference due to manual measurement.Please note that the color of the clothing may appear slightly different due to varying lighting conditions and monitor displaysCOMPOSITIONCrinkleCAREHand wash, cold water, gentle detergentKeep brooch from harsh chemical, recommend for dry cleanMADE IN INDONESIAMODEL MEASUREMENTModel in Size SANGELHeight 170 cm | Bust 74 cm | Waist 60 cm | Hips 78 cm"
https://loveandflair.com//products/arivana-two-piece-dress-in-wine,Arivana Two-Piece Dress In Wine,"IDR 1,200,000",Wine,"ARIVANA TWO-PIECE DDRESSThe Arivana Two-Piece Dress is a masterfully considered ensemble that unites structured sophistication with fluid, romantic ease in one seamlessly cohesive look. The fitted corset-inspired top, crafted in a smooth polyester, features a clean square neckline framed by broad, architectural straps that lend a refined formality to the silhouette, while the body-skimming construction cinches and sculpts the waist with quiet precision before releasing into a dramatic asymmetric hemline that sweeps diagonally across the hip, adding an unexpected and thoroughly modern edge to the design. At the back, an intricate lace-up corset closure elevates the piece into a work of considered craftsmanship, offering both an adjustable, personalised fit and a striking visual detail that makes the reverse view equally compelling. Paired with a generously flowing chiffon maxi skirt that moves with effortless, billowing grace and features a sultry front side slit that reveals a glimpse of leg with every step, the ensemble strikes a distinguished balance between restrained elegance and sensuous movement. Available in a rich, enveloping espresso and a soft, luminous nude, the Arivana Two-Piece Dress is conceived for the woman of discerning taste who commands every occasion with understated, unwavering grace.Made in IndonesiaSIZE AND FIT INFORMATIONSTOP Bust 86 cm | Waist 70 cm | Length 52-71 cmBOTTOMS Waist 64-76 cm | Hip 145 cm | Length 110 cmMTOP Bust 90 cm | Waist 74 cm | Length 53-72 cmBOTTOMS Waist 68-82 cm | Hip 152 cm | Length 112 cmLTOP Bust 94 cm | Waist 78 cm | Length 54-73 cmBOTTOMS Waist 68-82 cm | Hip 152 cm | Length 112 cmAll measurements are taken by hand with the garment laid flat. Please allow for a 1–2 cm difference due to manual measurement.Please note that the color of the clothing may appear slightly different due to varying lighting conditions and monitor displaysCOMPOSITIONChiffonCAREHand wash, cold water, gentle detergentMODEL MEASUREMENTModel in Size SSHARIKAHeight 175 cm | Bust 78 cm | Waist 62 cm | Hips 87 cm"
https://loveandflair.com//products/alina-midi-drape-dress-in-espresso,Alina Midi Drape Dress In Espresso,"IDR 680,000",Espresso,"ALINA MIDI DRAPE DRESSThe Alina Midi Drape Dress is structured simplicity at its finest — a softly twisted wrap neckline gathers at the collar with quiet precision before opening into a clean, sleeveless bodice, defined at the waist by a smooth band that separates the draped top from the gently flared midi skirt below. A side slit introduces a measured ease to the otherwise composed silhouette, while a self-tie at the back adds a final, considered detail that cinches without constraining. Crafted in a smooth polyester spandex that holds its shape while allowing natural movement, the dress carries itself with effortless polish from day into evening. Available in a cool, serene ice blue and a deep, grounding espresso — two hues as considered as the cut itself.Made in IndonesiaSIZE AND FIT INFORMATIONS Bust 86 cm | Waist 74 cm | Hip 96 cm | Length 121 cmM Bust 90 cm | Waist 78 cm | Hip 100 cm | Length 122 cmL Bust 94 cm | Waist 82 cm | Hip 104 cm | Length 123 cmAll measurements are taken by hand with the garment laid flat. Please allow for a 1–2 cm difference due to manual measurement.Please note that the color of the clothing may appear slightly different due to varying lighting conditions and monitor displaysCOMPOSITIONPolyester SpandexCAREHand wash, cold water, gentle detergentMODEL MEASUREMENTModel in Size SJOYAHeight 172 cm | Bust 79 cm | Waist 50 cm | Hips 91 cm"
https://loveandflair.com//products/remly-dress-in-ivory,Remly Dress in Ivory,"IDR 1,489,000",Ivory,"REMLY DRESSThe silk midi dress that looks like you tried, when you really just put on one thing.Paper silk with a structured duchess finish — fluid drape, elevated bodyClean midi silhouette that flatters and lengthensThrow-on-and-go elegance: one piece, zero styling requiredA timeless tone for weddings, dinners, and dress-pesta momentsThe Remly Dress is a paper-silk midi dress with a duchess finish — an elevated one-and-done for kondangan, dinners, and dress pesta. If you've been searching for a silk midi dress or occasion dress wanita in Jakarta, this is the effortless choice.At this price and dry-clean only, it's an investment — but it's the dress you'll re-wear to event after event, which is exactly what makes it worth it.SIZE AND FIT INFORMATIONXS Bust 78 cm | Length 115 cmS Bust 82 cm | Length 115 cmM Bust 86 cm | Length 115 cmL Bust 92 cm | Length 115 cmMATERIALPaper Silk with DuchessCAREDry Clean OnlyMODEL MEASUREMENTModel in size SALIMAHeight 178 cm | Bust 76 cm | Waist 60 cm | Hips 89 cm"
https://loveandflair.com//products/isolde-maxi-dress-in-pink,Isolde Maxi Dress In Pink,"IDR 949,000",Pink,"ISOLDE MAXI DRESSThe Isolde Maxi Dress is built on a single, quietly powerful idea — a softly draped V-neckline that gathers at the neck and falls across the bodice with effortless, unfussy elegance, cinched at the waist by a self-tie that adjusts to flatter with understated precision. The sleeveless silhouette flows into a full, floor-sweeping skirt with a front slit that introduces a subtle tension between modesty and sensuality, while the back bow tie adds a considered finishing detail that makes the reverse view equally compelling. Crafted in a refined semi wool that lends the dress a soft structure and a matte, sophisticated finish, it moves with quiet confidence and holds its shape through every occasion. Available in a commanding black, a luminous white, and a soft blush pink, the Isolde is a dress that asks for very little and delivers everything.Made in IndonesiaSIZE AND FIT INFORMATIONS Bust 86 cm | Waist 74 cm | Hip 96 cm | Length 154 cmM Bust 90 cm | Waist 78 cm | Hip 100 cm | Length 155 cmL Bust 94 cm | Waist 82 cm | Hip 104 cm | Length 156 cmAll measurements are taken by hand with the garment laid flat. Please allow for a 1–2 cm difference due to manual measurement.Please note that the color of the clothing may appear slightly different due to varying lighting conditions and monitor displaysCOMPOSITIONSemiwoolCAREHand wash, cold water, gentle detergentMODEL MEASUREMENTModel in Size SSHARIKAHeight 175 cm | Bust 78 cm | Waist 62 cm | Hips 87 cm"
https://loveandflair.com//products/kalyra-maxi-dress-in-champagne,Kalyra Maxi Dress In Champagne,"IDR 1,200,000",Champagne,"KALYRA MAXI DRESSThe Kalyra Maxi Dress is a gown of architectural quiet — its folded collar neckline sits with precise, sculptural intention at the front, while the back reveals an entirely different character: a generous cowl drape that falls in soft, liquid folds, making every entrance and exit equally compelling. A single diagonal seam traces across the lower skirt, introducing a subtle asymmetric detail that breaks the simplicity of the silhouette with just enough tension to hold the eye. The body-skimming cut narrows at the waist before flaring gently into a floor-sweeping hem, allowing the satin silk to move with a rich, continuous luminosity that shifts between depth and brilliance with every step. Available in a deep, earthy olive and a warm, glowing champagne, the Kalyra is a dress that rewards those who look closely — restrained at first glance, and quietly extraordinary in every detail.Made in IndonesiaSIZE AND FIT INFORMATIONS Bust 86 cm | Waist 70 cm | Hip 93 cm | Length 148 cmM Bust 90 cm | Waist 74 cm | Hip 97 cm | Length 149 cmL Bust 94 cm | Waist 78 cm | Hip 101 cm | Length 150 cmAll measurements are taken by hand with the garment laid flat. Please allow for a 1–2 cm difference due to manual measurement.Please note that the color of the clothing may appear slightly different due to varying lighting conditions and monitor displaysCOMPOSITIONSatin SilkCAREHand wash, cold water, gentle detergentMODEL MEASUREMENTModel in Size SSHARIKAHeight 175 cm | Bust 78 cm | Waist 62 cm | Hips 87 cm"
https://loveandflair.com//products/arlen-maxi-dress-in-beige,Arlen Maxi Dress In Beige,"IDR 1,099,000",,"ARLEN MAXI DRESSThe Arlen Two-Piece Maxi Dress is a study in ethereal femininity, presenting a sheer, semi-transparent overlay that drapes softly over a sleek inner slip, creating a luminous layered effect that catches light with every movement. The rounded neckline and sleeveless silhouette maintain a clean, refined simplicity, while the skirt gradually flares from a structured bodice into a sweeping A-line hem, with delicate pleating that lends the skirt its signature airy volume and graceful flow. Crafted from a lightweight polyester that mimics the translucent quality of fine organza, the fabric moves with an effortless fluidity that feels both romantic and polished. Available in three carefully considered hues — a warm, enveloping espresso, a soft luminous yellow, and a serene powder blue — each colorway brings its own distinct mood to the silhouette, from intimate evening sophistication to sun-kissed daytime elegance, making the Arlen Two-Piece Maxi Dress a versatile and deeply considered addition to the modern wardrobe.Made in IndonesiaSIZE AND FIT INFORMATIONINNERS  Bust 84 cm | Waist 71 cm | Hip 94 cm | Length 110 cmM Bust 88 cm | Waist 75 cm | Hip 96 cm | Length 111 cmL  Bust 90 cm | Waist 79 cm | Hip 100 cm | Length 112 cmOUTERS  Bust 88 cm | Waist 71 cm | Hip 96 cm | Length 120 cmM Bust 92 cm | Waist 75 cm | Hip 98 cm | Length 121 cmL  Bust 96 cm | Waist 78 cm | Hip 102 cm | Length 122 cmAll measurements are taken by hand with the garment laid flat. Please allow for a 1–2 cm difference due to manual measurement.Please note that the color of the clothing may appear slightly different due to varying lighting conditions and monitor displaysCOMPOSITIONPolyesterCAREHand wash, cold water, gentle detergentMODEL MEASUREMENTModel in Size SJOYAHeight 172 cm | Bust 79 cm | Waist 50 cm | Hips 91 cm"
https://loveandflair.com//products/sommer-maxi-dress-in-broken-white,Sommer Maxi Dress In Broken White,"IDR 999,000",,"SOMMER MAXI DRESSThe Sommer Maxi Dress is an exercise in effortless drama, defined by its flowing high-neck silhouette and dramatic floor-length sweep. A draped halter neckline anchors the design at the collarbone, while a trailing sash extends gracefully from the shoulder, lending a sense of movement to the otherwise minimalist construction. The voluminous, billowing skirt cascades into a wide hem, gathered subtly at the lower tier to create soft, sculptural fullness, with discreet side pockets adding quiet practicality to its elegant form. Rendered in a fluid viscose blend that lends the fabric a gentle sheen and graceful drape, the dress is offered in two refined hues, a rich olive and a luminous broken white, each capturing the same understated sophistication. Versatile in its appeal, the Sommer Maxi Dress moves seamlessly from sun-soaked daytime ease to elevated evening occasions, making it a timeless addition to a considered wardrobe.SIZE AND FIT INFORMATIONOne Size Bust 96 cm | Waist 112 cm | Hip 132 cm | Length 136 cmAll measurements are taken by hand with the garment laid flat. Please allow for a 1–2 cm difference due to manual measurement.Please note that the color of the clothing may appear slightly different due to varying lighting conditions and monitor displaysCOMPOSITIONViscose BlendCAREHand wash, cold water, gentle detergentMADE IN CHINAMODEL MEASUREMENTModel in Size SPAOLAHeight 170 cm | Bust 81 cm | Waist 60 cm | Hips 86 cm"
https://loveandflair.com//products/cassiopeia-two-piece-dress-in-blue,Cassiopeia Two-Piece Dress In Blue,"IDR 1,299,000",Blue,"*PREORDER ITEM WILL BE SHIPPED ON OCTOBER 9TH 2026CASSIOPEIA TWO-PIECE DRESSThe dress people will ask you about — soft blush, liquid drape, zero effort.Two pieces, endless outfits: wear the draped top and maxi skirt together, or split them across your wardrobeSilk-shimmer fabric catches the light just enough — photographs beautifully day or nightAsymmetric drape + cut-out shoulder do the styling for you; just add heelsCut to flow, not cling — flattering on a real body, not just the mannequinThe Cassiopeia is a two-piece maxi dress in soft cotton-candy pink — a go-to for kondangan, bridesmaid duties, engagements, and any dress pesta where you want to feel quietly expensive. If you've been searching for a pink occasion dress or two-piece long dress that isn't the same satin everyone owns, this is it.Worried a two-piece is fussy? It slips on like one dress — and because the skirt and top work separately, you'll re-wear it long after the event.Made in IndonesiaSIZE AND FIT INFORMATIONDRESSSM Bust 96 cm | Waist 108 cm | Hip 127 cm | Length 130 cmML Bust 100 cm | Waist 112 cm | Hip 124 cm | Length 133 cmOUTER TOPSM Bust 86cm | Waist 90 cm | Hip 126 cm | Length 76 cmML Bust 90 cm | Waist 96 cm | Hip 132 cm | Length 78 cmAll measurements are taken by hand with the garment laid flat. Please allow for a 1-2 cm difference due to manual measurement.Please note that the color of the clothing may appear slightly different due to varying lighting conditions and monitor displaysCOMPOSITIONSilk Shimmer PolyesterCAREHand wash in cold water with a gentle detergent to preserve the fabric's beauty.MODEL MEASUREMENTSModel is wearing size SMILENAHeight 172 cm | Bust 73 cm | Waist 58 cm | Hips 79 cm"
https://loveandflair.com//products/kalyra-maxi-dress-in-olive,Kalyra Maxi Dress In Olive,"IDR 1,200,000",Olive,"KALYRA MAXI DRESSThe Kalyra Maxi Dress is a gown of architectural quiet — its folded collar neckline sits with precise, sculptural intention at the front, while the back reveals an entirely different character: a generous cowl drape that falls in soft, liquid folds, making every entrance and exit equally compelling. A single diagonal seam traces across the lower skirt, introducing a subtle asymmetric detail that breaks the simplicity of the silhouette with just enough tension to hold the eye. The body-skimming cut narrows at the waist before flaring gently into a floor-sweeping hem, allowing the satin silk to move with a rich, continuous luminosity that shifts between depth and brilliance with every step. Available in a deep, earthy olive and a warm, glowing champagne, the Kalyra is a dress that rewards those who look closely — restrained at first glance, and quietly extraordinary in every detail.Made in IndonesiaSIZE AND FIT INFORMATIONS Bust 86 cm | Waist 70 cm | Hip 93 cm | Length 148 cmM Bust 90 cm | Waist 74 cm | Hip 97 cm | Length 149 cmL Bust 94 cm | Waist 78 cm | Hip 101 cm | Length 150 cmAll measurements are taken by hand with the garment laid flat. Please allow for a 1–2 cm difference due to manual measurement.Please note that the color of the clothing may appear slightly different due to varying lighting conditions and monitor displaysCOMPOSITIONSatin SilkCAREHand wash, cold water, gentle detergentMODEL MEASUREMENTModel in Size SSHARIKAHeight 175 cm | Bust 78 cm | Waist 62 cm | Hips 87 cm"
https://loveandflair.com//products/alina-midi-drape-dress-in-ice-blue,Alina Midi Drape Dress In Ice Blue,"IDR 680,000",Ice Blue,"ALINA MIDI DRAPE DRESSThe Alina Midi Drape Dress is structured simplicity at its finest — a softly twisted wrap neckline gathers at the collar with quiet precision before opening into a clean, sleeveless bodice, defined at the waist by a smooth band that separates the draped top from the gently flared midi skirt below. A side slit introduces a measured ease to the otherwise composed silhouette, while a self-tie at the back adds a final, considered detail that cinches without constraining. Crafted in a smooth polyester spandex that holds its shape while allowing natural movement, the dress carries itself with effortless polish from day into evening. Available in a cool, serene ice blue and a deep, grounding espresso — two hues as considered as the cut itself.Made in IndonesiaSIZE AND FIT INFORMATIONS Bust 86 cm | Waist 74 cm | Hip 96 cm | Length 121 cmM Bust 90 cm | Waist 78 cm | Hip 100 cm | Length 122 cmL Bust 94 cm | Waist 82 cm | Hip 104 cm | Length 123 cmAll measurements are taken by hand with the garment laid flat. Please allow for a 1–2 cm difference due to manual measurement.Please note that the color of the clothing may appear slightly different due to varying lighting conditions and monitor displaysCOMPOSITIONPolyester SpandexCAREHand wash, cold water, gentle detergentMODEL MEASUREMENTModel in Size SJOYAHeight 172 cm | Bust 79 cm | Waist 50 cm | Hips 91 cm"
https://loveandflair.com//products/auralis-maxi-dress-in-champagne,Auralis Maxi Dress In Champagne,"IDR 1,299,000",Champagne,"AURALIS MAXI DRESSThe Auralis Maxi Dress is a gown of unequivocal evening magnificence, conceived for the woman who understands that true elegance lies in the harmony of structure and sensuality. A graceful halter neckline descends into a precisely cut V-front, framing the décolletage with confident, understated allure, while the sleeveless silhouette lends an openness and ease to the upper body that is both modern and timelessly feminine. The bodice is expertly tailored to sculpt and define the waist, before releasing into a dramatically full, floor-sweeping A-line skirt that moves with a breathtaking, sweeping grandeur with every step. At the back, a beautifully crafted corset lace-up closure serves as a crowning detail, adding an element of artisanal intricacy and a customised, second-skin fit that transforms the reverse view into an equally compelling focal point. Rendered in a satin silk of extraordinary luminosity, the fabric catches and reflects light with a rich, continuous sheen that elevates the gown into a work of wearable artistry. Available in a deep, commanding plum and a radiant, golden champagne, the Auralis Maxi Dress is the definitive choice for those who wish to make an entrance of lasting and effortless distinction.Made in IndonesiaSIZE AND FIT INFORMATIONS Bust 82 cm | Waist 72 cm | Hip 108 cm | Length 157 cmM Bust 86 cm | Waist 76 cm | Hip 112 cm | Length 158 cmL Bust 90 cm | Waist 80 cm | Hip 116 cm | Length 159 cmAll measurements are taken by hand with the garment laid flat. Please allow for a 1–2 cm difference due to manual measurement.Please note that the color of the clothing may appear slightly different due to varying lighting conditions and monitor displaysCOMPOSITIONSatin SilkCAREHand wash, cold water, gentle detergentMODEL MEASUREMENTModel in Size SSHARIKAHeight 175 cm | Bust 78 cm | Waist 62 cm | Hips 87 cm"
https://loveandflair.com//products/sylena-maxi-halter-dress-in-pink,Sylena Maxi Halter Dress In Pink,"IDR 1,299,000",Pink,"SYLENA MAXI HALTER DRESSThe Sylena Maxi Halter Dress is pure light in motion — a gathered halter neckline releases into a voluminous, floor-sweeping silhouette crafted in a silk shimmer polyester that catches and holds luminosity with every subtle shift of movement. Effortlessly unstructured in its drape, the gown falls from the neck in generous, flowing lines that pool softly at the hem, while the open back lends an understated sensuality to an otherwise serene silhouette. Available in a whisper-soft pink and a cool, luminous sage, the Sylena is dressing at its most elemental — nothing more than beautiful fabric, perfectly placed.Made in IndonesiaSIZE AND FIT INFORMATIONS Bust 88 cm | Waist 88 cm | Hip 100 cm | Length 145 cmM Bust 92 cm | Waist 92 cm | Hip 104 cm | Length 146 cmL Bust 96 cm | Waist 96 cm | Hip 108 cm | Length 147 cmAll measurements are taken by hand with the garment laid flat. Please allow for a 1–2 cm difference due to manual measurement.Please note that the color of the clothing may appear slightly different due to varying lighting conditions and monitor displaysCOMPOSITIONSilk Shimmer PolyesterCAREHand wash, cold water, gentle detergentMODEL MEASUREMENTModel in Size SMILENAHeight 172 cm | Bust 73 cm | Waist 58 cm | Hips 79 cm"
https://loveandflair.com//products/isolde-maxi-dress-in-white,Isolde Maxi Dress In White,"IDR 949,000",White,"ISOLDE MAXI DRESSThe Isolde Maxi Dress is built on a single, quietly powerful idea — a softly draped V-neckline that gathers at the neck and falls across the bodice with effortless, unfussy elegance, cinched at the waist by a self-tie that adjusts to flatter with understated precision. The sleeveless silhouette flows into a full, floor-sweeping skirt with a front slit that introduces a subtle tension between modesty and sensuality, while the back bow tie adds a considered finishing detail that makes the reverse view equally compelling. Crafted in a refined semi wool that lends the dress a soft structure and a matte, sophisticated finish, it moves with quiet confidence and holds its shape through every occasion. Available in a commanding black, a luminous white, and a soft blush pink, the Isolde is a dress that asks for very little and delivers everything.Made in IndonesiaSIZE AND FIT INFORMATIONS Bust 86 cm | Waist 74 cm | Hip 96 cm | Length 154 cmM Bust 90 cm | Waist 78 cm | Hip 100 cm | Length 155 cmL Bust 94 cm | Waist 82 cm | Hip 104 cm | Length 156 cmAll measurements are taken by hand with the garment laid flat. Please allow for a 1–2 cm difference due to manual measurement.Please note that the color of the clothing may appear slightly different due to varying lighting conditions and monitor displaysCOMPOSITIONSemiwoolCAREHand wash, cold water, gentle detergentMODEL MEASUREMENTModel in Size SSHARIKAHeight 175 cm | Bust 78 cm | Waist 62 cm | Hips 87 cm"
https://loveandflair.com//products/elyna-maxi-draped-dress-in-black,Elyna Maxi Draped Dress In Black (Extra Shawl),"IDR 1,099,000",Black,"ELYNA MAXI DRAPED DRESSThe Elyna Maxi Draped Dress is the embodiment of evening opulence, marrying fluid architectural draping with the inherent luminosity of satin silk to create a gown of rare and enduring elegance. At the front, a softly cowled neckline falls in gentle, cascading folds across the décolletage, lending an air of Grecian-inspired grace to the otherwise sleek and column-like silhouette, while at the back, a dramatic draped panel descends from the nape of the neck in a sweeping, cape-like fall that trails toward the hem, transforming the gown into a statement of understated grandeur from every angle. The bias-cut skirt flows seamlessly to the floor with a refined flare, allowing the satin silk fabric to move with a liquid, second-skin quality that catches the light in a continuous, shifting shimmer. A versatile scarf-like accent adds an element of personal expression, worn loosely at the neck or drawn elegantly over the shoulder. Available in a deep, commanding black and a soft, skin-toned nude, the Elyna Maxi Draped Dress is conceived for the woman who commands a room with quiet authority, making it the definitive choice for the most distinguished of occasions.Made in IndonesiaSIZE AND FIT INFORMATIONS Bust 85 cm | Waist 72 cm | Hip 96 cm | Length 148 cmM Bust 89 cm | Waist 76 cm | Hip 100 cm | Length 149 cmL Bust 93 cm | Waist 80 cm | Hip 104 cm | Length 150 cmAll measurements are taken by hand with the garment laid flat. Please allow for a 1–2 cm difference due to manual measurement.Please note that the color of the clothing may appear slightly different due to varying lighting conditions and monitor displaysCOMPOSITIONSatin SilkCAREHand wash, cold water, gentle detergentMODEL MEASUREMENTModel in Size SSHARIKAHeight 175 cm | Bust 78 cm | Waist 62 cm | Hips 87 cm"
https://loveandflair.com//products/opaline-maxi-sabrina-bodycon-dress-in-nude,Opaline Maxi Sabrina Bodycon Dress In Black,"IDR 1,050,000",Black,"OPALINE MAXI SABRINA BODYCON DRESSThe Opaline is defined by contrast — a deeply ruched off-shoulder neckline that softens into long, sleek sleeves, while a bodycon silhouette traces the figure with quiet precision from shoulder to floor. At the waist, a cascade of sheer tulle falls freely against the structured form, offering a single moment of lightness in an otherwise sharply composed gown. The back continues the dialogue, with gathered ruching running the full length of the skirt in a detail that is subtle from a distance and striking up close. In black, and nothing but black, the Opaline says everything without trying.Made in IndonesiaSIZE AND FIT INFORMATIONS Bust 74-90 cm | Waist 62-80 cm | Hip 80-100 cm | Length 136 cmM Bust 78-94 cm | Waist 66-84 cm | Hip 84-104 cm | Length 137 cmL Bust 82-98 cm | Waist 70-88 cm | Hip 88-108 cm | Length 138 cmAll measurements are taken by hand with the garment laid flat. Please allow for a 1–2 cm difference due to manual measurement.Please note that the color of the clothing may appear slightly different due to varying lighting conditions and monitor displaysCOMPOSITIONPolyester SpandexTulleCAREHand wash, cold water, gentle detergentMODEL MEASUREMENTModel in Size SSHARIKAHeight 175 cm | Bust 78 cm | Waist 62 cm | Hips 87 cm"
https://loveandflair.com//products/tisha-dress-in-nude,Tisha Dress In Nude,"IDR 1,815,000",Nude,"TISHA DRESS*PRE ORDER 14 WORKING DAYS (EXCLUDE WEEKENDS & PUBLIC HOLIDAYS)This is a delicate and ethereal sheer maxi dress crafted from lightweight tulle fabric. The design features:Neckline & Silhouette:A high gathered neckline that softly drapes over the shoulders, creating a flowy and romantic silhouette.Fabric:Sheer nude-toned tulle with subtle dotted embroidery throughout, giving it a dreamy and airy effect.Details:Large three-dimensional floral appliqués at the hem, made from layered ruffles and embroidery, adding a statement touch to the otherwise minimal design.Length:Floor-length, with a relaxed, fluid drape that enhances its soft femininity.SIZE AND FIT INFORMATIONA size difference of 1-3 cm is considered normal and still within the tolerance range.XS Bust : 84 cm | Waist 67 cm | Hips 90 cm | Length : Lining 90cm,Tulle 140cmS Bust : 88 cm | Waist 70 cm | Hips 93 cm| Length : Lining 90cm,Tulle 140cmM Bust : 92 cm | Waist 73 cm | Hips 96 cm | Length : Lining 90cm,Tulle 140cmL Bust : 96 cm  | Waist 76 cm | Hips 99 cm| Length : Lining 90cm,Tulle 140cmXL Bust : 100 cm | Waist 79 cm | Hips 102 cm | Length : Lining 90cm,Tulle 140cmTHIS ITEM IS NOT REFUNDABLE/ EXCHANGEABLE. Please choose the right sizes before purchaseIMPORTANT : As this item is shipped directly from the vendor will take 14 working days. Please note that paxel and gosend shipments will not apply for this item.COMPOSITIONtulle dan satinCAREDry clean onlyMODEL MEASUREMENTSModel in Size XSHeight 177 cm | Bust 78 cm | Waist 61 cm | Hip 89 cm"
https://loveandflair.com//products/flor-dress-in-champagne,Flor Dress in Champagne,"IDR 1,399,000",Champagne,"FLOR DRESS IN CHAMPAGNEThe champagne gown for the night you want to look unforgettable.Liquid champagne tone that glows under every lightClean column silhouette that flatters and lengthensFloor-grazing 120 cm length for full dramaThe kind of dress that gets remembered — and photographedThe Flor is a floor-length champagne dress for weddings, galas, and dress pesta where you're the guest people notice. If you've been searching for a champagne evening gown or a formal dress kondangan in Jakarta, this is your statement piece.It's an investment — but it's structured, timeless, and dramatic enough to wear to event after event. On cost-per-wear, it earns its place.SIZE AND FIT INFORMATIONXS  Bust 80 cm | Length 120 cmS    Bust 84 cm | Length 120 cmM   Bust 88 cm | Length 120 cmL    Bust 94 cm | Length 120 cmMATERIALPolyesterCAREDry Clean OnlyMODEL MEASUREMENTModel in Size SPAOLAHeight 170 cm | Bust 81 cm | Waist 60 cm | Hips 86 cm"
https://loveandflair.com//products/siren-dress-in-pink,Siren Two-Piece Dress in Pink,"IDR 1,489,000",Pink,"SIREN DRESSA two-layer silk maxi that makes an entrance and does the styling for you.Fluid paper-silk outer over a smooth sateen inner — built-in dimension and movementFloor-sweeping maxi length for full, effortless dramaOne complete piece: nothing to layer, nothing to figure outA soft, romantic tone made for the spotlightThe Siren Dress is a two-layer paper-silk maxi dress — the statement gown for weddings, galas, and dress pesta. If you're searching for a silk maxi dress or occasion gown wanita in Jakarta, this is your moment.It's a splurge and dry-clean only — but a maxi this striking is the one people remember, and the one you'll keep being asked to wear.SIZE AND FIT INFORMATIONOUTERXS Bust 84 cm | Waist 76 cm | Length 140 cmS Bust 88 cm | Waist 80 cm | Length 140 cmM Bust 92 cm | Waist 84 cm | Length 140 cmL Bust 98 cm | Waist 90 cm | Length 140 cmINNERXS Bust 84 cm | Waist 76 cm | Length 132 cmS Bust 88 cm | Waist 80 cm | Length 132 cmM Bust 92 cm | Waist 84 cm | Length 132 cmL Bust 98 cm | Waist 90 cm | Length 132 cmMATERIALOuter: Paper Silk | Inner: SateenCAREDry Clean OnlyMODEL MEASUREMENTModel in size SANGELHeight 170 cm | Bust 74 cm | Waist 60 cm | Hips 78 cm"
https://loveandflair.com//products/remly-dress-in-deep-brown,Remly Dress in Deep Brown,"IDR 1,489,000",Deep Brown,"REMLY DRESSThe silk midi dress that looks like you tried, when you really just put on one thing.Paper silk with a structured duchess finish — fluid drape, elevated bodyClean midi silhouette that flatters and lengthensThrow-on-and-go elegance: one piece, zero styling requiredA timeless tone for weddings, dinners, and dress-pesta momentsThe Remly Dress is a paper-silk midi dress with a duchess finish — an elevated one-and-done for kondangan, dinners, and dress pesta. If you've been searching for a silk midi dress or occasion dress wanita in Jakarta, this is the effortless choice.At this price and dry-clean only, it's an investment — but it's the dress you'll re-wear to event after event, which is exactly what makes it worth it.SIZE AND FIT INFORMATIONXS Bust 78 cm | Length 115 cmS Bust 82 cm | Length 115 cmM Bust 86 cm | Length 115 cmL Bust 92 cm | Length 115 cmMATERIALPaper Silk with DuchessCAREDry Clean OnlyMODEL MEASUREMENTModel in size SANGELHeight 170 cm | Bust 74 cm | Waist 60 cm | Hips 78 cm"
https://loveandflair.com//products/faye-dress-in-black-1,Faye Dress In Black,"IDR 2,441,000",Black,"FAYE DRESSCut from embossed jacquard, this midi dress has a close-fitting bodice with gather details at hips to bring volume and highlight feminine figure. Wear it with boots or heels.SIZE FIT & INFORMATION( S )  Bust: 84cm | Waist: 68cm | Hip: up to 112cm | Length: 120cm | Sleeve Length: 15cm( M ) Bust: 88cm | Waist: 72cm | Hip: up to 116cm | Length: 121cm | Sleeve Length: 16cm( L )   Bust: 92cm | Waist: 76cm | Hip: up to 120cm | Length: 122cm | Sleeve Length: 17cmImportant : as this item is shipped directly from the vendor will take between 3-5 working days. Please note that paxel and gosend shipments will not apply for this.MATERIALMain1: Embossed Jacquard.Lining: 100% Polyester (fully lined).CAREDry clean only, medium heat steamMODEL MEASUREMENTModel in Size SALLYSHeight 173 cm | Bust 77 cm | Waist 60 cm | Hips 85 cm"
https://loveandflair.com//products/claudy-dress-in-gray,Claudy Dress In Gray,"IDR 3,025,000",Grey,"CLAUDY DRESS*PRE ORDER 14 WORKING DAYS (EXCLUDE WEEKENDS & PUBLIC HOLIDAYS)The Claudy Dress In Nude redefines bridal elegance with its sophisticated silhouette and sumptuous details. Masterfully crafted to accentuate your natural grace, this gown combines contemporary design with timeless refinement. Its dramatic black hue offers a bold alternative to tradition while maintaining an air of luxurious distinction perfect for the discerning bride.SIZE AND FIT INFORMATIONA size difference of 1-3 cm is considered normal and still within the tolerance range.XS Bust : 84 cm | Waist 67 cm | Hips 90 cm | Length Dress : Inner 90 cm | Lace 105 cmS Bust : 88 cm | Waist 70 cm | Hips 93 cm | Length Dress : Inner 90 cm | Lace 105 cmM Bust : 92 cm | Waist 73 cm | Hips 96 cm | Length Dress : Inner 90 cm | Lace 105 cmL Bust : 96 cm | Waist 76 cm | Hips 99 cm | Length Dress : Inner 90 cm | Lace 105 cmXL Bust : 100 cm | Waist 79 cm | Hips 100 cm | Length Dress : Inner 90 cm | Lace 105 cmTHIS ITEM IS NOT REFUNDABLE/ EXCHANGEABLE. Please choose the right sizes before purchaseIMPORTANT : As this item is shipped directly from the vendor will take 14 working days. Please note that paxel and gosend shipments will not apply for this item.COMPOSITIONSuede , DuchesCAREDry clean onlyMODEL MEASUREMENTSModel in Size XSHeight 177 cm | Bust 78 cm | Waist 61 cm | Hip 89 cm"
https://loveandflair.com//products/maisy-dress-in-mauve,Maisy Dress In Mauve,"IDR 1,540,000",Mauve,"MAISY DRESS*PRE ORDER 14 WORKING DAYS (EXCLUDE WEEKENDS & PUBLIC HOLIDAYS)This dress is an elegant floor-length gown in a Mauve. It features a simple round neckline and a flowy chiffon overlay that drapes gracefully over the shoulders, creating a cape-like effect. The overlay adds movement and sophistication, while the dress underneath has a clean, fitted silhouette that elongates the figure. The hemline is slightly sheer at the bottom, giving a delicate and airy finish. This design is graceful and refined, making it ideal for formal occasions, evening events, or bridesmaid attire.SIZE AND FIT INFORMATIONA size difference of 1-3 cm is considered normal and still within the tolerance range.XS Bust : 84 cm | Waist 67 cm | Hips 90 cm | Length : Lining 118 cm | Chiffon 132 cmS Bust : 88 cm | Waist 70 cm | Hips 93 cm | Length : Lining 118 cm | Chiffon 132 cmM Bust : 92 cm | Waist 73 cm | Hips 96 cm | Length : Lining 118 cm | Chiffon 132 cmL Bust : 96 cm | Waist 76 cm | Hips 99 cm | Length : Lining 118 cm | Chiffon 132 cmXL Bust : 100 cm | Waist 79 cm | Hips 102 cm | Length : Lining 118 cm | Chiffon 132 cmTHIS ITEM IS NOT REFUNDABLE/ EXCHANGEABLE. Please choose the right sizes before purchaseIMPORTANT : As this item is shipped directly from the vendor will take 14 working days. Please note that paxel and gosend shipments will not apply for this item.COMPOSITIONchiffon , satinCAREDry clean onlyMODEL MEASUREMENTSModel in Size XSHeight 177 cm | Bust 78 cm | Waist 61 cm | Hip 89 cm"
https://loveandflair.com//products/harriet-midi-dress-in-ivory,Harriet Midi Dress in Ivory,"IDR 2,774,000",Ivory,"HARRIET MIDI DRESSSleeveless button-down dress distinguished by its elegant design and cape-like collar. It features unique 3D panels from the waist to hips that adds architectural depth and defines the silhouette.SIZE FIT & INFORMATION( S )  Bust: 84cm | Waist: 68cm | Hip: up to 120cm | Length: 121cm | Sleeve Length (from shoulder line): 15cm( M ) Bust: 88cm | Waist: 72cm | Hip: up to 124cm | Length: 123cm | Sleeve Length (from shoulder line): 15cm( L )  Bust: 92cm | Waist: 76cm | Hip: up to 128cm | Length: 125cm | Sleeve Length (from shoulder line): 15cmImportant : as this item is shipped directly from the vendor will take between 3-5 working days. Please note that paxel and gosend shipments will not apply for this.MATERIALMain : Wool BlendLining : Polyester (fully lined)CAREDry clean, gentle handwash, medium heat steam, medium heat iron.MODEL MEASUREMENTModel in Size SASHHeight 175 cm | Bust 80 cm | Waist 63 cm | Hips 90 cm"
https://loveandflair.com//products/claudy-dress-white,Claudy Dress White,"IDR 3,025,000",White,"CLAUDY DRESS*PRE ORDER 14 WORKING DAYS (EXCLUDE WEEKENDS & PUBLIC HOLIDAYS)The Claudy Dress In Nude redefines bridal elegance with its sophisticated silhouette and sumptuous details. Masterfully crafted to accentuate your natural grace, this gown combines contemporary design with timeless refinement. Its dramatic black hue offers a bold alternative to tradition while maintaining an air of luxurious distinction perfect for the discerning bride.SIZE AND FIT INFORMATIONA size difference of 1-3 cm is considered normal and still within the tolerance range.XS Bust : 84 cm | Waist 67 cm | Hips 90 cm | Length Dress : Inner 90 cm | Lace 105 cmS Bust : 88 cm | Waist 70 cm | Hips 93 cm | Length Dress : Inner 90 cm | Lace 105 cmM Bust : 92 cm | Waist 73 cm | Hips 96 cm | Length Dress : Inner 90 cm | Lace 105 cmL Bust : 96 cm | Waist 76 cm | Hips 99 cm | Length Dress : Inner 90 cm | Lace 105 cmXL Bust : 100 cm | Waist 79 cm | Hips 100 cm | Length Dress : Inner 90 cm | Lace 105 cmTHIS ITEM IS NOT REFUNDABLE/ EXCHANGEABLE. Please choose the right sizes before purchaseIMPORTANT : As this item is shipped directly from the vendor will take 14 working days. Please note that paxel and gosend shipments will not apply for this item.COMPOSITIONSuede , DuchesCAREDry clean onlyMODEL MEASUREMENTSModel in Size XSHeight 177 cm | Bust 78 cm | Waist 61 cm | Hip 89 cm"
https://loveandflair.com//products/claudy-dress-dusty-pink,Claudy Dress Dusty Pink,"IDR 3,025,000",Dusty Pink,"CLAUDY DRESS*PRE ORDER 14 WORKING DAYS (EXCLUDE WEEKENDS & PUBLIC HOLIDAYS)The Claudy Dress In Nude redefines bridal elegance with its sophisticated silhouette and sumptuous details. Masterfully crafted to accentuate your natural grace, this gown combines contemporary design with timeless refinement. Its dramatic black hue offers a bold alternative to tradition while maintaining an air of luxurious distinction perfect for the discerning bride.SIZE AND FIT INFORMATIONA size difference of 1-3 cm is considered normal and still within the tolerance range.XS Bust : 84 cm | Waist 67 cm | Hips 90 cm | Length Dress : Inner 90 cm | Lace 105 cmS Bust : 88 cm | Waist 70 cm | Hips 93 cm | Length Dress : Inner 90 cm | Lace 105 cmM Bust : 92 cm | Waist 73 cm | Hips 96 cm | Length Dress : Inner 90 cm | Lace 105 cmL Bust : 96 cm | Waist 76 cm | Hips 99 cm | Length Dress : Inner 90 cm | Lace 105 cmXL Bust : 100 cm | Waist 79 cm | Hips 100 cm | Length Dress : Inner 90 cm | Lace 105 cmTHIS ITEM IS NOT REFUNDABLE/ EXCHANGEABLE. Please choose the right sizes before purchaseIMPORTANT : As this item is shipped directly from the vendor will take 14 working days. Please note that paxel and gosend shipments will not apply for this item.COMPOSITIONSuede , DuchesCAREDry clean onlyMODEL MEASUREMENTSModel in Size XSHeight 177 cm | Bust 78 cm | Waist 61 cm | Hip 89 cm"
https://loveandflair.com//products/verena-dress-in-pink,Verena Dress In Pink,"IDR 2,035,000",Pink,"VERENA DRESS*PRE ORDER 14 WORKING DAYS (EXCLUDE WEEKENDS & PUBLIC HOLIDAYS)The dress in the image is asleek and feminine satin slip dressin a soft blush-lavender shade. It featuresdelicate spaghetti strapsand astraight neckline, creating a clean and minimal silhouette. The fabric has a subtle sheen, enhancing its luxurious and elegant appeal.The standout detail of this piece is at the hemline:intricate floral cut-out appliquésthat form a semi-sheer effect, adding dimension and artistry to the otherwise simple column shape. The hem falls to ankle length, perfectly paired withstrappy heelsfor a refined finish.This dress balancesmodern minimalism with romantic detailing, making it ideal for evening events, cocktail parties, or weddings. ✨SIZE AND FIT INFORMATIONA size difference of 1-3 cm is considered normal and still within the tolerance range.XS Bust : 84 cm | Waist 67 cm | Hips 90 cm | Length : 127cmS Bust : 88 cm | Waist 70 cm | Hips 93 cm | Length: 127cmM Bust : 92 cm | Waist 73 cm | Hips 96 cm | Length: 127cmL Bust : 96 cm  |Waist 76 cm | Hips 99 cm|  Length: 127cmXL Bust : 100 cm | Waist 79 cm | Hips 102 cm | Length: 127cmTHIS ITEM IS NOT REFUNDABLE/ EXCHANGEABLE. Please choose the right sizes before purchaseIMPORTANT : As this item is shipped directly from the vendor will take 14 working days. Please note that paxel and gosend shipments will not apply for this item.COMPOSITIONshantung crepeCAREDry clean onlyMODEL MEASUREMENTSModel in Size XSHeight 177 cm | Bust 78 cm | Waist 61 cm | Hip 89 cm"
https://loveandflair.com//products/maisy-dress-in-nude,Maisy Dress In Nude,"IDR 1,540,000",Nude,"MAISY DRESS*PRE ORDER 14 WORKING DAYS (EXCLUDE WEEKENDS & PUBLIC HOLIDAYS)This dress is an elegant floor-length gown in a Mauve. It features a simple round neckline and a flowy chiffon overlay that drapes gracefully over the shoulders, creating a cape-like effect. The overlay adds movement and sophistication, while the dress underneath has a clean, fitted silhouette that elongates the figure. The hemline is slightly sheer at the bottom, giving a delicate and airy finish. This design is graceful and refined, making it ideal for formal occasions, evening events, or bridesmaid attire.SIZE AND FIT INFORMATIONA size difference of 1-3 cm is considered normal and still within the tolerance range.XS Bust : 84 cm | Waist 67 cm | Hips 90 cm | Length : Lining 118 cm | Chiffon 132 cmS Bust : 88 cm | Waist 70 cm | Hips 93 cm | Length : Lining 118 cm | Chiffon 132 cmM Bust : 92 cm | Waist 73 cm | Hips 96 cm | Length : Lining 118 cm | Chiffon 132 cmL Bust : 96 cm | Waist 76 cm | Hips 99 cm | Length : Lining 118 cm | Chiffon 132 cmXL Bust : 100 cm | Waist 79 cm | Hips 102 cm | Length : Lining 118 cm | Chiffon 132 cmTHIS ITEM IS NOT REFUNDABLE/ EXCHANGEABLE. Please choose the right sizes before purchaseIMPORTANT : As this item is shipped directly from the vendor will take 14 working days. Please note that paxel and gosend shipments will not apply for this item.COMPOSITIONchiffon , satinCAREDry clean onlyMODEL MEASUREMENTSModel in Size XSHeight 177 cm | Bust 78 cm | Waist 61 cm | Hip 89 cm"
https://loveandflair.com//products/amalfi-maxi-dress-in-white,Amalfi Maxi Dress In White,"IDR 1,099,000",White,"AMALFI MAXI DRESSThe Amalfi Maxi Dress embodies timeless femininity with a refined, romantic charm. Crafted from a delicate cotton-polyester blend, this elegant maxi dress features intricate floral lace detailing throughout, creating a beautifully textured silhouette that feels both graceful and sophisticated. The soft overlay ruffle at the neckline adds a touch of effortless movement, while the slender straps and gently flared skirt enhance its light, airy appeal. Designed to flatter with understated elegance, the Amalfi Maxi Dress is a versatile statement piece for garden celebrations, intimate soirées, and special occasions. Available exclusively in classic white, it exudes an enduring sense of purity, sophistication, and modern romance.SIZE AND FIT INFORMATIONS Bust 82 cm | Waist 72 cm | Hip 104 cm | Length 115 cmM Bust 86 cm | Waist 76 cm | Hip 108 cm | Length 116 cmL Bust 90 cm | Waist 80 cm | Hip 112 cm | Length 117 cmAll measurements are taken by hand with the garment laid flat. Please allow for a 1–2 cm difference due to manual measurement.Please note that the color of the clothing may appear slightly different due to varying lighting conditions and monitor displaysCOMPOSITIONCotton-polyester BlendsCAREHand wash, cold water, gentle detergentMADE IN INDONESIAMODEL MEASUREMENTModel in Size SALIMAHeight 177 cm | Bust 78 cm | Waist 61 cm | Hip 89 cm"
https://loveandflair.com//products/isolde-maxi-dress-in-black,Isolde Maxi Dress In Black,"IDR 949,000",Black,"ISOLDE MAXI DRESSThe Isolde Maxi Dress is built on a single, quietly powerful idea — a softly draped V-neckline that gathers at the neck and falls across the bodice with effortless, unfussy elegance, cinched at the waist by a self-tie that adjusts to flatter with understated precision. The sleeveless silhouette flows into a full, floor-sweeping skirt with a front slit that introduces a subtle tension between modesty and sensuality, while the back bow tie adds a considered finishing detail that makes the reverse view equally compelling. Crafted in a refined semi wool that lends the dress a soft structure and a matte, sophisticated finish, it moves with quiet confidence and holds its shape through every occasion. Available in a commanding black, a luminous white, and a soft blush pink, the Isolde is a dress that asks for very little and delivers everything.Made in IndonesiaSIZE AND FIT INFORMATIONS Bust 86 cm | Waist 74 cm | Hip 96 cm | Length 154 cmM Bust 90 cm | Waist 78 cm | Hip 100 cm | Length 155 cmL Bust 94 cm | Waist 82 cm | Hip 104 cm | Length 156 cmAll measurements are taken by hand with the garment laid flat. Please allow for a 1–2 cm difference due to manual measurement.Please note that the color of the clothing may appear slightly different due to varying lighting conditions and monitor displaysCOMPOSITIONSemiwoolCAREHand wash, cold water, gentle detergentMODEL MEASUREMENTModel in Size SSHARIKAHeight 175 cm | Bust 78 cm | Waist 62 cm | Hips 87 cm"
https://loveandflair.com//products/faye-dress-in-black,Faye Dress In Black White,"IDR 2,418,900",Black White,"FAYE DRESSCut from embossed jacquard, this two-toned midi dress has a close-fitting bodice with gather details at hips to bring volume and highlight feminine figure. Wear it with boots or heels.SIZE FIT & INFORMATIONSize SBust: 84 cm | Waist: 68 cm | Hips: up to 112 cm | Length: 120 cm | Sleeve Length: 15 cmSize MBust: 88 cm| Waist: 72 cm | Hips: up to 116 cm | Length: 121 cm | Sleeve Length: 16 cmSize LBust: 92 cm| Waist: 76 cm | Hips: up to 120 cm | Length: 122 cm | Sleeve Length: 17 cmImportant : as this item is shipped directly from the vendor will take between 3-5 working days. Please note that paxel and gosend shipments will not apply for this itemMATERIALMain 1: embossed jacquardMain 2: embossed jacquardLining: 100% polyester (fully lined)CAREDry clean only, medium heat steamMODEL MEASUREMENTModel in size SHeight 175 cm | Bust 81 cm | Waist 62 cm | Hips 90 cm"
https://loveandflair.com//products/bea-top-and-scarf-with-blair-skirt-in-black,Bea Top and Scarf With Blair Skirt in Black,"IDR 1,943,000",Black,"BEA SET*PRE ORDER 14 WORKING DAYS (EXCLUDE WEEKENDS & PUBLIC HOLIDAYS)The Bea Set With Scarf in Black offers a refined and effortless look perfect for weddings and special occasions. This elegant set includes a matching scarf that adds a subtle, graceful detail, making it an ideal choice for those seeking simple sophistication on their memorable day.SIZE AND FIT INFORMATIONA size difference of 1-3 cm is considered normal and still within the tolerance range.XS Bust : 84 cm | Waist 67 cm | Hips 90 cm | Length Top : 75 cm | Length Skirt : Lining 31 cm | Chiffon 105 cm | Scarf 225 cmS Bust : 88 cm | Waist 70 cm | Hips 93 cm |Length Top : 75 cm |Length Skirt : Lining 31 cm | Chiffon 105 cm | Scarf 225 cmM Bust : 92 cm | Waist 73 cm | Hips 96 cm |Length Top : 75 cm |Length Skirt : Lining 31 cm | Chiffon 105 cm | Scarf 225 cmL Bust : 96 cm | Waist 76 cm | Hips 99 cm |Length Top : 75 cm |Length Skirt : Lining 31 cm | Chiffon 105 cm | Scarf 225 cmXL Bust : 100 cm | Waist 79 cm | Hips 100 cm |Length Top : 75 cm |Length Skirt : Lining 31 cm | Chiffon 105 cm | Scarf 225 cmTHIS ITEM IS NOT REFUNDABLE/ EXCHANGEABLE. Please choose the right sizes before purchaseIMPORTANT : As this item is shipped directly from the vendor will take 14 working days. Please note that paxel and gosend shipments will not apply for this item.COMPOSITIONchiffon dan WollycrepeCAREDry clean onlyMODEL MEASUREMENTSModel in Size XSHeight 177 cm | Bust 78 cm | Waist 61 cm | Hip 89 cm"
https://loveandflair.com//products/arlen-maci-dress-in-espresso,Arlen Two-Piece Maxi Dress In Espresso,"IDR 1,099,000",,"ARLEN MAXI DRESSThe Arlen Two-Piece Maxi Dress is a study in ethereal femininity, presenting a sheer, semi-transparent overlay that drapes softly over a sleek inner slip, creating a luminous layered effect that catches light with every movement. The rounded neckline and sleeveless silhouette maintain a clean, refined simplicity, while the skirt gradually flares from a structured bodice into a sweeping A-line hem, with delicate pleating that lends the skirt its signature airy volume and graceful flow. Crafted from a lightweight polyester that mimics the translucent quality of fine organza, the fabric moves with an effortless fluidity that feels both romantic and polished. Available in three carefully considered hues — a warm, enveloping espresso, a soft luminous yellow, and a serene powder blue — each colorway brings its own distinct mood to the silhouette, from intimate evening sophistication to sun-kissed daytime elegance, making the Arlen Two-Piece Maxi Dress a versatile and deeply considered addition to the modern wardrobe.SIZE AND FIT INFORMATIONINNERS  Bust 84 cm | Waist 71 cm | Hip 94 cm | Length 110 cmM Bust 88 cm | Waist 75 cm | Hip 96 cm | Length 111 cmL  Bust 90 cm | Waist 79 cm | Hip 100 cm | Length 112 cmOUTERS  Bust 88 cm | Waist 71 cm | Hip 96 cm | Length 120 cmM Bust 92 cm | Waist 75 cm | Hip 98 cm | Length 121 cmL  Bust 96 cm | Waist 78 cm | Hip 102 cm | Length 122 cmAll measurements are taken by hand with the garment laid flat. Please allow for a 1–2 cm difference due to manual measurement.Please note that the color of the clothing may appear slightly different due to varying lighting conditions and monitor displaysCOMPOSITIONPolyesterCAREHand wash, cold water, gentle detergentMADE IN INDONESIAMODEL MEASUREMENTModel in Size SPAOLAHeight 170 cm | Bust 81 cm | Waist 60 cm | Hips 86 cm"
https://loveandflair.com//products/isla-maxi-halter-dress-in-nude,Isla Maxi Halter Dress In Nude (LAST PIECE),"IDR 1,200,000",Nude,"ISLA MAXI HALTER DRESSThe Isla Maxi Halter Dress captures effortless elegance with its flowing silhouette and delicately gathered halter neckline, accented by a refined metallic detail that lends a touch of understated glamour. Crafted from lightweight crinkle fabric, this graceful maxi dress drapes beautifully with every movement, creating an ethereal and elongated profile. The open neckline and fluid construction offer a perfect balance of sophistication and ease, making it an ideal choice for garden soirées, sunset occasions, or elevated resort dressing. Available in soft nude and serene blue, the Isla Maxi Halter Dress embodies timeless femininity with a modern, graceful allure.SIZE AND FIT INFORMATIONS Bust 82 cm | Waist 72 cm | Hip 112 cm | Length 138 cmM Bust 86 cm | Waist 76 cm | Hip 116 cm | Length 139 cmL Bust 90 cm | Waist 80 cm | Hip 120 cm | Length 140 cmAll measurements are taken by hand with the garment laid flat. Please allow for a 1–2 cm difference due to manual measurement.Please note that the color of the clothing may appear slightly different due to varying lighting conditions and monitor displaysCOMPOSITIONCrinkleCAREHand wash, cold water, gentle detergentKeep brooch from harsh chemical, recommend for dry cleanMADE IN INDONESIAMODEL MEASUREMENTModel in Size SALIMAHeight 177 cm | Bust 78 cm | Waist 61 cm | Hip 89 cm"
https://loveandflair.com//products/maisy-dress-in-mint,Maisy Dress In Mint,"IDR 1,540,000",Mint,"MAISY DRESS*PRE ORDER 14 WORKING DAYS (EXCLUDE WEEKENDS & PUBLIC HOLIDAYS)This dress is an elegant floor-length gown in a Mauve. It features a simple round neckline and a flowy chiffon overlay that drapes gracefully over the shoulders, creating a cape-like effect. The overlay adds movement and sophistication, while the dress underneath has a clean, fitted silhouette that elongates the figure. The hemline is slightly sheer at the bottom, giving a delicate and airy finish. This design is graceful and refined, making it ideal for formal occasions, evening events, or bridesmaid attire.SIZE AND FIT INFORMATIONA size difference of 1-3 cm is considered normal and still within the tolerance range.XS Bust : 84 cm | Waist 67 cm | Hips 90 cm | Length : Lining 118 cm | Chiffon 132 cmS Bust : 88 cm | Waist 70 cm | Hips 93 cm | Length : Lining 118 cm | Chiffon 132 cmM Bust : 92 cm | Waist 73 cm | Hips 96 cm | Length : Lining 118 cm | Chiffon 132 cmL Bust : 96 cm | Waist 76 cm | Hips 99 cm | Length : Lining 118 cm | Chiffon 132 cmXL Bust : 100 cm | Waist 79 cm | Hips 102 cm | Length : Lining 118 cm | Chiffon 132 cmTHIS ITEM IS NOT REFUNDABLE/ EXCHANGEABLE. Please choose the right sizes before purchaseIMPORTANT : As this item is shipped directly from the vendor will take 14 working days. Please note that paxel and gosend shipments will not apply for this item.COMPOSITIONchiffon , satinCAREDry clean onlyMODEL MEASUREMENTSModel in Size XSHeight 177 cm | Bust 78 cm | Waist 61 cm | Hip 89 cm"
https://loveandflair.com//products/brielle-smocked-dress-in-olive-green,Brielle Smocked Dress in Olive Green,"IDR 799,000",Olive Green,"BRIELLE SMOCKED DRESSA smocked maxi that feels like loungewear and looks like an outfit.Shirred smocked bodice that hugs gently, then falls into an easy maxiSoft polyester blend with built-in stretch — comfortable from day to dinnerFlattering across sizes, no zips or fussThrow-on elegance for warm Jakarta days and travelThe Brielle Smocked Dress is a stretchy shirred maxi in a soft polyester blend — effortless, flattering one-and-done dressing. Searching for a smocked maxi dress wanita in Jakarta? This is the easy pick.Smocking flexes across a size range, so it's forgiving to fit — comfortable enough for all day, polished enough to wear out.SIZE AND FIT INFORMATIONS Bust 68-88 cm | Waist 64-80 cm | Length 126 cmM Bust 74-94 cm | Waist 70-86 cm | Length 127 cmL Bust 80-100 cm | Waist 76-92 cm | Length 128 cmCOMPOSITIONPolyester blendCAREHand wash, cold water, gentle detergentMODEL MEASUREMENTModel in size SPAOLAHeight 170 cm | Bust 81 cm | Waist 60 cm | Hips 86 cm"
https://loveandflair.com//products/claudy-dress-in-black,Claudy Dress In Black,"IDR 3,025,000",Black,"CLAUDY DRESS*PRE ORDER 14 WORKING DAYS (EXCLUDE WEEKENDS & PUBLIC HOLIDAYS)The Claudy Dress In Nude redefines bridal elegance with its sophisticated silhouette and sumptuous details. Masterfully crafted to accentuate your natural grace, this gown combines contemporary design with timeless refinement. Its dramatic black hue offers a bold alternative to tradition while maintaining an air of luxurious distinction perfect for the discerning bride.SIZE AND FIT INFORMATIONA size difference of 1-3 cm is considered normal and still within the tolerance range.XS Bust : 84 cm | Waist 67 cm | Hips 90 cm | Length Dress : Inner 90 cm | Lace 105 cmS Bust : 88 cm | Waist 70 cm | Hips 93 cm | Length Dress : Inner 90 cm | Lace 105 cmM Bust : 92 cm | Waist 73 cm | Hips 96 cm | Length Dress : Inner 90 cm | Lace 105 cmL Bust : 96 cm | Waist 76 cm | Hips 99 cm | Length Dress : Inner 90 cm | Lace 105 cmXL Bust : 100 cm | Waist 79 cm | Hips 100 cm | Length Dress : Inner 90 cm | Lace 105 cmTHIS ITEM IS NOT REFUNDABLE/ EXCHANGEABLE. Please choose the right sizes before purchaseIMPORTANT : As this item is shipped directly from the vendor will take 14 working days. Please note that paxel and gosend shipments will not apply for this item.COMPOSITIONSuede , DuchesCAREDry clean onlyMODEL MEASUREMENTSModel in Size XSHeight 177 cm | Bust 78 cm | Waist 61 cm | Hip 89 cm"
https://loveandflair.com//products/eloise-dress-in-creme,Eloise Dress Creme (LAST PIECES),"IDR 699,000",Creme,"ELOISE DRESSThe semiwool midi that makes getting dressed a one-step decision.Structured semiwool with a clean, body-skimming midi linePolished enough for work, easy enough for dinnerOne piece, zero styling guessworkA timeless creme that works season after seasonThe Eloise Dress is a structured semiwool midi — elevated one-and-done dressing for work and occasions. Searching for a semiwool midi dress wanita in Jakarta? Start here.Semiwool holds its line all day, so it looks as sharp at dinner as it did at 9am — easy polish, no effort.SIZE AND FIT INFORMATIONS Bust 86 cm | Waist 72 cm | Length 85 cmM Bust 90 cm | Waist 76 cm | Length 86 cmL Bust 96 cm | Waist 82 cm | Length 87 cmCOMPOSITIONSemiwoolCAREHand wash, cold water, gentle detergentMODEL MEASUREMENTModel in size SPAOLAHeight 170 cm | Bust 81 cm | Waist 60 cm | Hips 86 cm"
https://loveandflair.com//products/edler-dress-in-pink,Edler Dress in Pink,"IDR 1,489,000",Pink,EDLER DRESSSIZE AND FIT INFORMATIONXS : Bust 78 cm  | Hip 92 cm   | Length 85 cmS   : Bust  82 cm | Hip 96 cm   | Length 85 cmM  : Bust 86 cm  | Hip 100 cm | Length 85 cmL   : Bust 92 cm  |Hip 106 cm   | Length 87 cmCOMPOSITIONCotton PolyesterCAREDry clean onlyMODEL MEASUREMENTModel in Size STANYAHeight 170 cm | Bust 80 cm | Waist 64 cm | Hips 88 cm
https://loveandflair.com//products/efate-open-back-long-gown-in-olive-r0426,Efate Open Back Long Gown In Olive (LAST PIECE),"IDR 1,200,000",Olive,"EFATE OPEN BACK LONG GOWNIntroducing the stunningEfate Open Back Long Gown, a perfect blend of elegance and allure. This exquisite gown is designed to make a statement at any formal event, showcasing a captivating open back detail that adds a touch of sophistication. Crafted from luxurious satin, this gown drapes beautifully, ensuring that you feel comfortable and confident all evening long.Made in IndonesiaSIZE AND FIT INFORMATIONS Bust 76 cm | Waist 70 cm | Hip 94 cm | Length 140 cmM Bust 80 cm | Waist 74 cm | Hip 98 cm | Length 143 cmL Bust 86 cm | Waist 78 cm | Hip 102 cm | Length 145 cmAll measurements are taken by hand with the garment laid flat. Please allow for a 1–2 cm difference due to manual measurement.Please note that the color of the clothing may appear slightly different due to varying lighting conditions and monitor displaysCOMPOSITIONSatinCAREHand wash, cold water, gentle detergentMODEL MEASUREMENTModel is wearing size S:SHARIKAHeight 175 cm | Bust 78 cm | Waist 62 cm | Hips 87 cm"
https://loveandflair.com//products/farah-dress-in-silver,Farah Dress In Silver,"IDR 2,750,000",Silver,"FARAH DRESS*PRE ORDER 14 WORKING DAYS (EXCLUDE WEEKENDS & PUBLIC HOLIDAYS)The Farah Dress in Sage Green is a sophisticated choice for special occasions. Featuring intricate lace detailing, this elegant dress combines a soft, calming color with a timeless design, ensuring you stand out with grace and poise at any event.SIZE AND FIT INFORMATIONA size difference of 1-3 cm is considered normal and still within the tolerance range.XS Bust : 84 cm | Waist 67 cm | Hips 90 cm | Length : Lining 120 cm | Outer 128 cmS Bust : 88 cm | Waist 70 cm | Hips 93 cm | Length : Lining 120 cm | Outer 128 cmM Bust : 92 cm | Waist 73 cm | Hips 96 cm | Length : Lining 120 cm | Outer 128 cmL Bust : 96 cm | Waist 76 cm | Hips 99 cm | Length : Lining 120 cm | Outer 128 cmXL Bust : 100 cm | Waist 79 cm | Hips 100 cm |Length : Lining 120 cm | Outer 128 cmTHIS ITEM IS NOT REFUNDABLE/ EXCHANGEABLE. Please choose the right sizes before purchaseIMPORTANT : As this item is shipped directly from the vendor will take 14 working days. Please note that paxel and gosend shipments will not apply for this item.COMPOSITIONlace , chantilyCAREDry clean onlyMODEL MEASUREMENTSModel in Size XSHeight 177 cm | Bust 78 cm | Waist 61 cm | Hip 89 cm"
https://loveandflair.com//products/claudy-dress-in-nude,Claudy Dress In Nude,"IDR 3,025,000",Nude,"CLAUDY DRESS*PRE ORDER 14 WORKING DAYS (EXCLUDE WEEKENDS & PUBLIC HOLIDAYS)The Claudy Dress In Nude redefines bridal elegance with its sophisticated silhouette and sumptuous details. Masterfully crafted to accentuate your natural grace, this gown combines contemporary design with timeless refinement. Its dramatic black hue offers a bold alternative to tradition while maintaining an air of luxurious distinction perfect for the discerning bride.SIZE AND FIT INFORMATIONA size difference of 1-3 cm is considered normal and still within the tolerance range.XS Bust : 84 cm | Waist 67 cm | Hips 90 cm | Length Dress : Inner 90 cm | Lace 105 cmS Bust : 88 cm | Waist 70 cm | Hips 93 cm | Length Dress : Inner 90 cm | Lace 105 cmM Bust : 92 cm | Waist 73 cm | Hips 96 cm | Length Dress : Inner 90 cm | Lace 105 cmL Bust : 96 cm | Waist 76 cm | Hips 99 cm | Length Dress : Inner 90 cm | Lace 105 cmXL Bust : 100 cm | Waist 79 cm | Hips 100 cm | Length Dress : Inner 90 cm | Lace 105 cmTHIS ITEM IS NOT REFUNDABLE/ EXCHANGEABLE. Please choose the right sizes before purchaseIMPORTANT : As this item is shipped directly from the vendor will take 14 working days. Please note that paxel and gosend shipments will not apply for this item.COMPOSITIONSuede , DuchesCAREDry clean onlyMODEL MEASUREMENTSModel in Size XSHeight 177 cm | Bust 78 cm | Waist 61 cm | Hip 89 cm"
https://loveandflair.com//products/genevie-dress-in-rose-pink,Genevie Maxi Dress in Rose Pink,"IDR 699,000",Pink,"GENEVIE DRESSA breezy cotton-blend maxi that does the dressing-up for you.Soft cotton blend that breathes through warm Jakarta daysEasy, flowing maxi length that flatters and movesOne-and-done elegance for brunch, resort, and eventsA romantic rose pink that photographs beautifullyThe Genevie Dress is a flowing cotton-blend maxi — effortless, feminine one-and-done dressing for summer and occasions. Searching for a cotton maxi dress wanita in Jakarta? This is the easy, elegant pick.Cotton-blend ease means it's comfortable enough for all-day wear and polished enough for the event itself — no trade-off.SIZE AND FIT INFORMATIONSM Bust 76-90 cm | Waist 64-80 cm | Length 135 cmML Bust 84-98 cm | Waist 72-88 cm | Length 136 cmCOMPOSITIONCotton BlendCAREHand wash, cold water, gentle detergentMODEL MEASUREMENTModel in size SPAOLAHeight 170 cm | Bust 81 cm | Waist 60 cm | Hips 86 cm"
https://loveandflair.com//products/abigail-dress,Abigail Dress,"IDR 2,695,000",Nude,"ABIGAIL DRESS*PRE ORDER 14 WORKING DAYS (EXCLUDE WEEKENDS & PUBLIC HOLIDAYS)The Abigail Dress embodies refined elegance with its thoughtfully designed silhouette and premium construction. This sophisticated piece transitions effortlessly between occasions, offering versatility without compromising on style. Crafted to flatter and inspire confidence, it features quality materials that promise both comfort and durability. Whether worn to formal events or elevated casual settings, the Abigail Dress stands as a testament to timeless fashion sensibility and understated luxury.SIZE AND FIT INFORMATIONA size difference of 1-3 cm is considered normal and still within the tolerance range.Bust: XS 84cm | S 88cm | M 92cm | L 96cm | XL 100cmWaist: XS 67cm | S 70cm | M 73cm | L 76cm | XL 79cmHips: XS 90cm | S 93cm | M 96cm | L 99cm | XL 102cmLength Dress : 110 cmTHIS ITEM IS NOT REFUNDABLE/ EXCHANGEABLE. Please choose the right sizes before purchaseIMPORTANT : As this item is shipped directly from the vendor will take 14 working days. Please note that paxel and gosend shipments will not apply for this item.COMPOSITIONDuches, ChiffonCAREDry clean only"
https://loveandflair.com//products/valerie-top-with-aurora-skirt-in-pink,Valerie Top With Aurora Skirt in Pink,"IDR 2,220,000",Pink,"VALERIE TOP WITH AURORA SKIRT*PRE ORDER 14 WORKING DAYS (EXCLUDE WEEKENDS & PUBLIC HOLIDAYS)This elegant set features a blush pink off-shoulder top with 3D floral appliqués and a structured corset design that enhances the silhouette. It is paired with a lace midi skirt layered with soft tulle draping, creating a graceful and feminine look. Perfect for formal events, parties, or special occasions.SIZE AND FIT INFORMATIONA size difference of 1-3 cm is considered normal and still within the tolerance range.TOPBust: XS 84 cm | S 88 cm | M 92 cm | L 96 cm | XL 100 cmLength Top :  35 cmSKIRTWaist: XS 67cm | S 70cm | M 73cm | L 76cm | XL 79cmHips: XS 90cm | S 93cm | M 96cm | L 99cm | XL 102cmLength Skirt: Lining 82cm | Tulle Short 90cm | Longest 107cmTHIS ITEM IS NOT REFUNDABLE/ EXCHANGEABLE. Please choose the right sizes before purchaseIMPORTANT : As this item is shipped directly from the vendor will take 14 working days. Please note that paxel and gosend shipments will not apply for this item.COMPOSITIONTop :  Crepe, TulleSkirt : Satin, Tulle, ChantilyCAREDry clean onlyMODEL MEASUREMENTSModel in Size XSHeight 177 cm | Bust 78 cm | Waist 61 cm | Hip 89 cm"
https://loveandflair.com//products/edler-dress-in-ivory,Edler Dress in Ivory (XS LEFT),"IDR 1,489,000",Ivory,EDLER DRESSSIZE AND FIT INFORMATIONXS : Bust 78 cm  | Hip 92 cm   | Length 85 cmS   : Bust  82 cm | Hip 96 cm   | Length 85 cmM  : Bust 86 cm  | Hip 100 cm | Length 85 cmL   : Bust 92 cm  |Hip 106 cm   | Length 87 cmCOMPOSITIONCotton PolyesterCAREDry clean onlyMODEL MEASUREMENTModel in Size STANYAHeight 170 cm | Bust 80 cm | Waist 64 cm | Hips 88 cm
https://loveandflair.com//products/mica-dress-in-pink,Mica Dress In Pink,"IDR 1,210,000",Pink,"MICA DRESS IN PINK*PRE ORDER 14 WORKING DAYS (EXCLUDE WEEKENDS & PUBLIC HOLIDAYS)Our Mica Dress flows gracefully, creating an enchantingly beautiful and elegant silhouette with its flowing cape.SIZE AND FIT INFORMATIONFor “Mica Dress“ has a loose / an A-line silhouette, so it only requires your Bust size.Size XS : Bust 84 cm | Length : lining 108 | 120 cmSize S : Bust 88 cm | Length : lining 108 | 120 cmSize M : Bust 92 cm | Length : lining 108 | 120 cmSize L : Bust 96 cm | Length : lining 108 | 120 cmSize XL : Bust 100 cm | Length : lining 108 | 120 cmTHIS ITEM IS NOT REFUNDABLE/ EXCHANGEABLE. Please choose the right sizes before purchaseIMPORTANT : As this item is shipped directly from the vendor will take 14 working days. Please note that paxel and gosend shipments will not apply for this item.COMPOSITIONSatin , TilleCAREDry clean onlyMODEL MEASUREMENTSModel in Size XSHeight 177 cm | Bust 78 cm | Waist 61 cm | Hip 89 cm"
https://loveandflair.com//products/maisy-dress-in-pink,Maisy Dress In Pink,"IDR 1,540,000",Pink,"MAISY DRESS*PRE ORDER 14 WORKING DAYS (EXCLUDE WEEKENDS & PUBLIC HOLIDAYS)This dress is an elegant floor-length gown in a Mauve. It features a simple round neckline and a flowy chiffon overlay that drapes gracefully over the shoulders, creating a cape-like effect. The overlay adds movement and sophistication, while the dress underneath has a clean, fitted silhouette that elongates the figure. The hemline is slightly sheer at the bottom, giving a delicate and airy finish. This design is graceful and refined, making it ideal for formal occasions, evening events, or bridesmaid attire.SIZE AND FIT INFORMATIONA size difference of 1-3 cm is considered normal and still within the tolerance range.XS Bust : 84 cm | Waist 67 cm | Hips 90 cm | Length : Lining 118 cm | Chiffon 132 cmS Bust : 88 cm | Waist 70 cm | Hips 93 cm | Length : Lining 118 cm | Chiffon 132 cmM Bust : 92 cm | Waist 73 cm | Hips 96 cm | Length : Lining 118 cm | Chiffon 132 cmL Bust : 96 cm | Waist 76 cm | Hips 99 cm | Length : Lining 118 cm | Chiffon 132 cmXL Bust : 100 cm | Waist 79 cm | Hips 102 cm | Length : Lining 118 cm | Chiffon 132 cmTHIS ITEM IS NOT REFUNDABLE/ EXCHANGEABLE. Please choose the right sizes before purchaseIMPORTANT : As this item is shipped directly from the vendor will take 14 working days. Please note that paxel and gosend shipments will not apply for this item.COMPOSITIONchiffon , satinCAREDry clean onlyMODEL MEASUREMENTSModel in Size XSHeight 177 cm | Bust 78 cm | Waist 61 cm | Hip 89 cm"
https://loveandflair.com//products/valerie-set-in-pink,Valerie Set in Pink,"IDR 1,943,000",Pink,"VALERIE SET*PRE ORDER 14 WORKING DAYS (EXCLUDE WEEKENDS & PUBLIC HOLIDAYS)This elegant set features a blush pink off-shoulder top with delicate floral appliqués, paired with a structured satin corset-style bodice for a flattering fit. It is combined with a layered tulle midi skirt that creates a soft, flowy silhouette. Feminine and romantic, this set is perfect for special occasions, parties, or formal events.SIZE AND FIT INFORMATIONA size difference of 1-3 cm is considered normal and still within the tolerance range.TOPBust: XS 84 cm | S 88 cm | M 92 cm | L 96 cm | XL 100 cmLength Top :  35 cmSKIRTWaist: XS 67 cm | S 70 cm | M 73 cm | L 76 cm | XL 79 cmHips: XS 97 cm | S 100 cm | M 103 cm | L 106 cm | XL 109 cmLength Skirt :  Lining 76 cm | Tulle 87 cmTHIS ITEM IS NOT REFUNDABLE/ EXCHANGEABLE. Please choose the right sizes before purchaseIMPORTANT : As this item is shipped directly from the vendor will take 14 working days. Please note that paxel and gosend shipments will not apply for this item.COMPOSITIONTop :  Crepe , TulleSkirt : Satin , TulleCAREDry clean onlyMODEL MEASUREMENTSModel in Size XSHeight 177 cm | Bust 78 cm | Waist 61 cm | Hip 89 cm"
https://loveandflair.com//products/carmela-top-with-tulle-skirt-in-pink,Carmela Top With Tulle Skirt in Pink,"IDR 2,387,000",Pink,"CARMELA TOP WITH TULLE SKIRT*PRE ORDER 14 WORKING DAYS (EXCLUDE WEEKENDS & PUBLIC HOLIDAYS)A feminine set featuring a delicate floral appliqué top with soft petal textures, paired with a flowy tulle skirt. Finished with a ribbon waist detail for a flattering silhouette, this set creates a romantic and graceful look. Perfect for special occasions, garden parties, or elegant celebrations.SIZE AND FIT INFORMATIONA size difference of 1-3 cm is considered normal and still within the tolerance range.TOPBust: XS 84 cm | S 88 cm | M 92 cm | L 96 cm | XL 100 cmLength Top :  Lining 44 cm | Outer 80 cmTULLE SKIRTWaist: XS 67 cm | S 70 cm | M 73 cm | L 76 cm | XL 79 cmHips: XS 97 cm | S 100 cm | M 103 cm | L 106 cm | XL 109 cmLength Skirt :  Lining 84 cm | Tulle 93 cmTHIS ITEM IS NOT REFUNDABLE/ EXCHANGEABLE. Please choose the right sizes before purchaseIMPORTANT : As this item is shipped directly from the vendor will take 14 working days. Please note that paxel and gosend shipments will not apply for this item.COMPOSITIONTop : Tulle, OrganzaSkirt : Satin, TulleCAREDry clean onlyMODEL MEASUREMENTSModel in Size XSHeight 177 cm | Bust 78 cm | Waist 61 cm | Hip 89 cm"
https://loveandflair.com//products/carmela-top-with-tulle-skirt-in-pink-copy,Emma Dress in Nude,"IDR 3,275,000",Nude,"EMMA DRESS*PRE ORDER 14 WORKING DAYS (EXCLUDE WEEKENDS & PUBLIC HOLIDAYS)An elegant satin maxi dress featuring a structured silhouette and a beautifully embroidered collar detail. Designed with subtle side textures for added dimension, this piece offers a refined and graceful look. Perfect for formal events, weddings, or special occasions.SIZE AND FIT INFORMATIONA size difference of 1-3 cm is considered normal and still within the tolerance range.Size XS  Bust 84 cm | Waist 67 cm | Hips 90 cmSize S    Bust 88 cm | Waist 70 cm | Hips 93 cmSize M   Bust 92 cm | Waist 73 cm | Hips 96 cmSize L     Bust 96 cm | Waist 76 cm | Hips 99 cmSize XL   Bust 100 cm | Waist 79 cm | Hips 102 cmLength Dress :  120 cm | Back Tulle 143 cm | Outer 22 cmTHIS ITEM IS NOT REFUNDABLE/ EXCHANGEABLE. Please choose the right sizes before purchaseIMPORTANT : As this item is shipped directly from the vendor will take 14 working days. Please note that paxel and gosend shipments will not apply for this item.COMPOSITIONSantung, TulleCAREDry clean onlyMODEL MEASUREMENTSModel in Size XSHeight 177 cm | Bust 78 cm | Waist 61 cm | Hip 89 cm"
https://loveandflair.com//products/floren-top-with-tulle-skirt-in-pink,Floren Top With Tulle Skirt in Pink,"IDR 1,776,000",Pink,"FLOREN TOP WITH TULLE SKIRT*PRE ORDER 14 WORKING DAYS (EXCLUDE WEEKENDS & PUBLIC HOLIDAYS)This elegant set features a strapless satin top with delicate 3D floral embellishments for a refined, feminine touch. It is paired with a soft, layered tulle skirt that creates a light and flowy silhouette. Perfect for formal occasions and special events.SIZE AND FIT INFORMATIONA size difference of 1-3 cm is considered normal and still within the tolerance range.Size XS  Bust 84 cm | Waist 67 cm | Hips 90 cmSzie S    Bust 88cm | Waist 70 cm | Hips 93 cmSize M   Bust 92 cm | Waist 73 cm | Hips 96 cmSize L    Bust 96 cm | Waist 76 cm | Hips 99 cmSize XL  Bust 100 cm | Waist 79 cm | Hips 102 cmLength Top : 37 cm | Outer 55 cmLength Skirt : Lining 85 cm | Tulle 92 cmTHIS ITEM IS NOT REFUNDABLE/ EXCHANGEABLE. Please choose the right sizes before purchaseIMPORTANT : As this item is shipped directly from the vendor will take 14 working days. Please note that paxel and gosend shipments will not apply for this item.COMPOSITIONtop : shantung crepeskirt : tulleCAREDry clean onlyMODEL MEASUREMENTSModel in Size XSHeight 177 cm | Bust 78 cm | Waist 61 cm | Hip 89 cm"
https://loveandflair.com//products/farah-dress-in-sage-green,Farah Dress In Sage Green,"IDR 2,750,000",Green,"FARAH DRESS*PRE ORDER 14 WORKING DAYS (EXCLUDE WEEKENDS & PUBLIC HOLIDAYS)The Farah Dress in Sage Green is a sophisticated choice for special occasions. Featuring intricate lace detailing, this elegant dress combines a soft, calming color with a timeless design, ensuring you stand out with grace and poise at any event.SIZE AND FIT INFORMATIONA size difference of 1-3 cm is considered normal and still within the tolerance range.XS Bust : 84 cm | Waist 67 cm | Hips 90 cm | Length : Lining 120 cm | Outer 128 cmS Bust : 88 cm | Waist 70 cm | Hips 93 cm | Length : Lining 120 cm | Outer 128 cmM Bust : 92 cm | Waist 73 cm | Hips 96 cm | Length : Lining 120 cm | Outer 128 cmL Bust : 96 cm | Waist 76 cm | Hips 99 cm | Length : Lining 120 cm | Outer 128 cmXL Bust : 100 cm | Waist 79 cm | Hips 100 cm |Length : Lining 120 cm | Outer 128 cmTHIS ITEM IS NOT REFUNDABLE/ EXCHANGEABLE. Please choose the right sizes before purchaseIMPORTANT : As this item is shipped directly from the vendor will take 14 working days. Please note that paxel and gosend shipments will not apply for this item.COMPOSITIONlace , chantilyCAREDry clean onlyMODEL MEASUREMENTSModel in Size XSHeight 177 cm | Bust 78 cm | Waist 61 cm | Hip 89 cm"
https://loveandflair.com//products/maisy-dress-in-teracotta,Maisy Dress In Teracotta,"IDR 1,540,000",Teracotta,"MAISY DRESS*PRE ORDER 14 WORKING DAYS (EXCLUDE WEEKENDS & PUBLIC HOLIDAYS)This dress is an elegant floor-length gown in a Mauve. It features a simple round neckline and a flowy chiffon overlay that drapes gracefully over the shoulders, creating a cape-like effect. The overlay adds movement and sophistication, while the dress underneath has a clean, fitted silhouette that elongates the figure. The hemline is slightly sheer at the bottom, giving a delicate and airy finish. This design is graceful and refined, making it ideal for formal occasions, evening events, or bridesmaid attire.SIZE AND FIT INFORMATIONA size difference of 1-3 cm is considered normal and still within the tolerance range.XS Bust : 84 cm | Waist 67 cm | Hips 90 cm | Length : Lining 118 cm | Chiffon 132 cmS Bust : 88 cm | Waist 70 cm | Hips 93 cm | Length : Lining 118 cm | Chiffon 132 cmM Bust : 92 cm | Waist 73 cm | Hips 96 cm | Length : Lining 118 cm | Chiffon 132 cmL Bust : 96 cm | Waist 76 cm | Hips 99 cm | Length : Lining 118 cm | Chiffon 132 cmXL Bust : 100 cm | Waist 79 cm | Hips 102 cm | Length : Lining 118 cm | Chiffon 132 cmTHIS ITEM IS NOT REFUNDABLE/ EXCHANGEABLE. Please choose the right sizes before purchaseIMPORTANT : As this item is shipped directly from the vendor will take 14 working days. Please note that paxel and gosend shipments will not apply for this item.COMPOSITIONchiffon , satinCAREDry clean onlyMODEL MEASUREMENTSModel in Size XSHeight 177 cm | Bust 78 cm | Waist 61 cm | Hip 89 cm"
https://loveandflair.com//products/jolyn-top-with-tulle-skirt-in-nude,Jolyn Top With Tulle Skirt in Nude,"IDR 2,387,000",Nude,"JOLYN TOP WITH TULLE SKIRT*PRE ORDER 14 WORKING DAYS (EXCLUDE WEEKENDS & PUBLIC HOLIDAYS)This elegant nude-toned dress features delicate 3D floral detailing on the bodice, creating a soft and romantic look. The layered sheer tulle skirt adds a light, flowy silhouette for a graceful finish. Perfect for formal events, parties, or special occasions.SIZE AND FIT INFORMATIONA size difference of 1-3 cm is considered normal and still within the tolerance range.TOPBust: XS 84 cm | S 88 cm | M 92 cm | L 96 cm | XL 100 cmLength Top :  Lining 65 cm | Tulle Front 68 cm | Tulle Back 74 cmSKIRTWaist: XS 67 cm | S 70 cm | M 73 cm | L 76 cm | XL 79 cmHips: XS 97 cm | S 100 cm | M 103 cm | L 106 cm | XL 109 cmLength Skirt :  Lining 85 cm | Tulle 101 cmTHIS ITEM IS NOT REFUNDABLE/ EXCHANGEABLE. Please choose the right sizes before purchaseIMPORTANT : As this item is shipped directly from the vendor will take 14 working days. Please note that paxel and gosend shipments will not apply for this item.COMPOSITIONTop :  Tulle, SatinSkirt : Satin, TulleCAREDry clean onlyMODEL MEASUREMENTSModel in Size XSHeight 177 cm | Bust 78 cm | Waist 61 cm | Hip 89 cm"
https://loveandflair.com//products/lavinia-dress-in-black,Lavinia Dress In Black (LAST PIECES),"IDR 1,989,000",Black,"LAVINIA DRESSThis dress is a floor-length black gown with a refined, modern silhouette. It features an asymmetric one-shoulder neckline with a draped overlay detail that adds dimension and elegance. The bodice is fitted through the waist, while the skirt flows gracefully with soft gathered accents at the hips, creating volume and movement. The design blends sophistication with contemporary styling, making it ideal for evening occasions or formal events.SIZE AND FIT INFORMATIONSize XS Bust 78 cm | Waist 68 cm | Hip 100 cm | Length 145 cmSize S   Bust 82 cm | Waist 72 cm | Hip 104 cm | Length 145 cmSize M  Bust 86 cm | Waist 76 cm | Hip 108 cm | Length 145 cmSize L   Bust 92 cm | Waist 82 cm | Hip 114 cm | Length 145 cmMATERIALcotton polyesterCAREDry clean onlyMODEL MEASUREMENTModel in Size SPAOLAHeight 170 cm | Bust 81 cm | Waist 60 cm | Hips 86 cm"
https://loveandflair.com//products/anle-midi-flower-dress-in-olive,Anle Midi Flower Dress In Olive,"IDR 1,299,000",Olive,"ANLE MIDI FLOWER DRESSThe Anle Midi Flower Dress is an elegant study in sculptural femininity, crafted from luxurious semi-wool to create a clean, elongated silhouette that skims the figure with refined poise. Delicately constructed three-dimensional floral appliqués bloom organically along the hip and side panels, adding depth, artistry, and a touch of quiet drama to the minimalist form. The structured midi length, subtle sleeve drape, and graceful high neckline evoke modern sophistication, while the back slit allows for fluid movement and ease. Available in timeless Maroon and serene Olive, this piece offers an elevated expression of understated romance—effortlessly refined for occasions that call for subtle distinction.SIZE AND FIT INFORMATIONS Bust 84 cm | Waist 70 cm | Hip 96 cm | Length 134 cmM Bust 88 cm | Waist 74 cm | Hip 100 cm | Length 135 cmL Bust 92 cm | Waist 78 cm | Hip 104 cm | Length 136 cmAll measurements are taken by hand with the garment laid flat. Please allow for a 1–2 cm difference due to manual measurement.Please note that the color of the clothing may appear slightly different due to varying lighting conditions and monitor displaysCOMPOSITIONSemi woolCAREHand wash, cold water, gentle detergentMADE IN INDONESIAMODEL MEASUREMENTModel in Size SCLARITAHeight 178 cm | Bust 76 cm | Waist 60 cm | Hips 87 cm"
https://loveandflair.com//products/astra-dress-with-ruffle-detail-and-gathered-hip-and-slip-dress-in-black,Astra Long Gown In Black (LAST PIECES),"IDR 980,000",Black,"ASTRA LONG GOWNThe Astra Long Gown is a vision of timeless elegance, crafted from a refined blend of chiffon and crepe that drapes fluidly across the body. Designed with a sheer neckline that subtly contrasts the structured bodice, this gown exudes sophistication while maintaining a modern edge. The figure-skimming silhouette flows into a graceful floor-length hem, enhanced by a delicate side drape and cascading ruffle that lend movement and allure. Available in classic Black and ethereal Broken White, the Astra Long Gown is a striking choice for evening occasions, embodying both understated glamour and enduring sophistication.SIZE AND FIT INFORMATIONS Bust 86 cm | Waist 64 cm | Hip 94 cm | Length 149 cmM Bust 90 cm | Waist 68 cm | Hip 98 cm | Length 150 cmL Bust 94 cm | Waist 72 cm | Hip 102 cm | Length 151 cmAll measurements are taken by hand with the garment laid flat. Please allow for a 1–2 cm difference due to manual measurement.Please note that the color of the clothing may appear slightly different due to varying lighting conditions and monitor displaysCOMPOSITIONChiffon CrepeCAREHand wash in cold water with a gentle detergent to preserve the fabric's beauty.MODEL MEASUREMENTSModel is wearing size SMARISSAHeight 170 cm | Bust 78 cm | Waist 62 cm | Hips 88 cm"
https://loveandflair.com//products/adelaide-halter-maxi-dress-in-pink,Adelaide Halter Maxi Dress In Pink,"IDR 1,499,000",Pink,"ADELAIDE HALTER MAXI DRESSElegant with a sculptural flair, the Adelaide Halter Maxi Dress evokes a sense of modern romanticism through its fluid silhouette and architectural details. Designed in a luminous silk shimmer polyester that subtly catches the light, this piece features a softly pleated halter neckline and a cinched waist adorned with voluminous tiered organza peplums, lending both movement and dimension. The full satin-lined skirt cascades gracefully to the floor, creating a statuesque profile from every angle. Finished with a delicate back tie for a refined touch, Adelaide is available in timeless white and warm nude—perfect for contemporary soirées, receptions, or moonlit celebrations.SIZE AND FIT INFORMATIONS Bust 88 cm | Waist 70 cm | Hip 110 cm | Length 150 cmM Bust 92 cm | Waist 74 cm | Hip 114 cm | Length 151 cmL Bust 96 cm | Waist 78 cm | Hip 118 cm | Length 152 cmAll measurements are taken by hand with the garment laid flat. Please allow for a 1–2 cm difference due to manual measurement.Please note that the color of the clothing may appear slightly different due to varying lighting conditions and monitor displaysCOMPOSITIONSilk shimmer Polyester, Organza, SatinCAREHand wash, cold water, gentle detergentMODEL MEASUREMENTModel in Size SSHARONHeight 173 cm | Bust 77 cm | Waist 60 cm | Hips 83 cm"
https://loveandflair.com//products/louri-gown-in-espresso,Louri Gown In Espresso (Last pieces),"IDR 899,000",Espresso,"LOURI GOWNThe Louri Gown in Espresso embodies a serene yet commanding elegance, sculpted from smooth semi wool that drapes with quiet fluidity. Its halter neckline frames the shoulders with refined sensuality, while soft gathers at the bust and hip lend dimension to the gown’s elongated silhouette. The floor-skimming skirt moves with graceful weight, creating a timeless presence from every angle. Finished with a discreet back fastening that maintains its uninterrupted lines, the Louri Gown in Espresso is a study in understated sophistication and evening poise.SIZE AND FIT INFORMATIONS Bust 72-82 cm | Waist 70 cm | Hip 96 cm | Length 146 cmM Bust 74-86 cm | Waist 74 cm | Hip 100 cm | Length 147 cmL Bust 80-90 cm | Waist 78 cm | Hip 104 cm | Length 148 cmAll measurements are taken by hand with the garment laid flat. Please allow for a 1–2 cm difference due to manual measurement.Please note that the color of the clothing may appear slightly different due to varying lighting conditions and monitor displaysCOMPOSITIONSemiwoolCAREHand wash, cold water, gentle detergentMODEL MEASUREMENTModel in Size SCHARLOTTEHeight 168 cm | Bust 74 cm | Waist 62 cm | Hips 86 cm"
https://loveandflair.com//products/sharon-dropwaist-dress-in-espresso,Sharon Dropwaist Dress In Espresso,"IDR 1,149,000",Espresso,"SHARON DROPWAIST DRESSThe Sharon Dropwaist Dress in Espresso offers a sleek silhouette with its elegantly lowered waistline that flatters every figure. Crafted for effortless sophistication, this dress combines refined design with comfortable wear, making it perfect for both day and evening occasions. Its rich espresso hue adds a timeless touch, ensuring you stand out with understated grace.SIZE AND FIT INFORMATIONSize SM Bust: 70-90 cm | Waist: 60-80cm | Hip: 78cm | Length: 150 cmSize ML Bust: 80-100cm | Waist: 70-90cm | Hip: 88cm | Length 151 cmMATERIALUltrastretch PolyesterCAREDry CleaningMODEL MEASUREMENTModel in Size SMPAOLAHeight 170 cm | Bust 81 cm | Waist 60 cm | Hips 86 cm"
https://loveandflair.com//products/iverly-dress-in-white,Iverly Dress In White,"IDR 1,989,000",White,"IVERLY DRESS IN WHITEThe Iverly Dress in White is a refined maxi dress featuring exquisite lace details, perfect for wedding guests who desire a sophisticated and elegant look. Its graceful silhouette offers both comfort and style, ensuring you stand out with timeless charm at any special event.SIZE AND FIT INFORMATIONXS | Bust 78 cm |Waist 68 cm | Hip 92 cm | Length 140 cmS | Bust  82 cm |Waist 72 cm | Hip 96 cm | Length 140 cmM | Bust 86 cm |Waist 76 cm | Hip 100 cm | Length 140 cmL | Bust 92 cm |Waist 82 cm | Hip 104 cm | Length 140 cmMATERIALLacesCAREdry clean onlyMODEL MEASUREMENTSModel in size SVALENTINEHeight 176 cm | Bust 82 cm | Waist 62 cm | Hips 89 cm"
https://loveandflair.com//products/ariella-maxi-dress-in-broken-white,Ariella Maxi Dress In Broken White,"IDR 1,099,000",Broken White,"ARIELLA MAXI DRESSA sleeveless white maxi dress crafted from breathable cotton, adorned with delicate embroidery throughout. Featuring a fitted bodice and a flowing full-length skirt, this dress offers an elegant and timeless silhouette. Perfect for warm-weather occasions, casual elegance, or relaxed evening gatherings.SIZE AND FIT INFORMATIONSize  S :  Bust: 84 cm | Waist 64-70 cm | Length 135 cmSize  M : Bust 90cm | Waist 70-76 cm | Length 136 cmSize  L  : Bust 96cm | Waist 76-82 cm | Length 137 cmMATERIALCotton EmbroideryCAREdry clean onlyMODEL MEASUREMENTSModel in Size SPaolaHeight 170 cm | Bust 81 cm | Waist 60 cm | Hips 86 cm"
https://loveandflair.com//products/peonia-dress-in-white,Peonia Dress In White (XS LEFT),"IDR 1,989,000",White,"PEONIA DRESSThis dress is a sleeveless white gown with a refined and elegant design. The bodice features a fitted silhouette with a sheer pleated panel at the neckline, adding a delicate and feminine touch. The waistline drops slightly before transitioning into a voluminous, floor-length skirt with soft gathers that create graceful flow and movement. The overall look is minimalist yet sophisticated, perfect for formal occasions or a modern bridal style.SIZE AND FIT INFORMATIONSize XS Bust 78 cm | Waist 68 cm | Hip 90 cm | Length 145 cmSize S   Bust 82 cm | Waist 72 cm | Hip 94 cm | Length 145 cmSize M  Bust 86 cm | Waist 76 cm | Hip 98 cm | Length 145 cmSize L   Bust 92 cm | Waist 82 cm | Hip 104 cm | Length 145 cmMATERIALcotton polyesterCAREDry clean onlyMODEL MEASUREMENTModel in Size SMARISSAHeight 170 cm | Bust 78 cm | Waist 62 cm | Hips 88 cm"
https://loveandflair.com//products/carmella-midi-dress-in-grey,Carmella Midi Dress In Dark Grey,"IDR 649,000",Dark Grey,"CARMELLA MIDI DRESSThe Carmella Midi Dress is a refined statement of contemporary femininity, designed with a sleek sleeveless cut and a graceful midi length that flatters every silhouette. Crafted from smooth polyester, it offers fluid drape and comfort, while the softly gathered knot detail at the waist creates an artful sense of movement and accentuates the figure with understated allure. Minimalist yet striking, this versatile piece transitions seamlessly from daytime elegance to evening sophistication. Available in timeless Black and a rich Dark Grey, the Carmella Midi Dress is an effortlessly chic wardrobe essential.SIZE AND FIT INFORMATIONOne Size Bust 64-96 cm | Waist 62-80 cm | Length 124 cmAll measurements are taken by hand with the garment laid flat. Please allow for a 1–2 cm difference due to manual measurement.Please note that the color of the clothing may appear slightly different due to varying lighting conditions and monitor displaysCOMPOSITIONPolyesterCAREHand wash, cold water, gentle detergentMODEL MEASUREMENTModel in One SizePAOLAHeight 170 cm | Bust 81 cm | Waist 60 cm | Hips 86 cm"
https://loveandflair.com//products/belinda-off-shoulder-maxi-dress-in-misty-grey,Belinda Off shoulder Maxi Dress In Misty Grey,"IDR 999,000",Misty Grey,"BELINDA OFF SHOULDER MAXI DRESSThe Belinda Off Shoulder Maxi Dress in Misty Grey offers timeless elegance with its graceful off-shoulder design and flowing silhouette. Crafted for evening moments, this simple yet sophisticated dress drapes beautifully, creating an effortlessly refined look. Perfect for special occasions, it balances understated charm with a modern touch to highlight your natural poise.SIZE AND FIT INFORMATIONSize SM Bust: 70-88cm | Waist: 60-78cm | Length: 140 cmSize ML Bust: 80-98cm | Waist 70-88cm | Length: 141cmMATERIALStretch Cotton FabricCAREDry CleaningMODEL MEASUREMENTModel in Size SMPAOLAHeight 170 cm | Bust 81 cm | Waist 60 cm | Hips 86 cm"
https://loveandflair.com//products/peonia-dress-in-powder-blue,Peonia Dress In Powder Blue,"IDR 1,989,000",,"PEONIA DRESS IN POWDER BLUEThis dress is a sleeveless white gown with a refined and elegant design. The bodice features a fitted silhouette with a sheer pleated panel at the neckline, adding a delicate and feminine touch. The waistline drops slightly before transitioning into a voluminous, floor-length skirt with soft gathers that create graceful flow and movement. The overall look is minimalist yet sophisticated, perfect for formal occasions or a modern bridal style.SIZE AND FIT INFORMATIONSize XS Bust 78 cm | Waist 68 cm | Hip 90 cm | Length 145 cmSize SBust 82 cm | Waist 72 cm | Hip 94 cm | Length 145 cmSize M  Bust 86 cm | Waist 76 cm | Hip 98 cm | Length 145 cmSize LBust 92 cm | Waist 82 cm | Hip 104 cm | Length 145 cmMATERIALcotton polyesterCAREDry clean onlyMODEL MEASUREMENTModel in Size SPAOLAHeight 170 cm | Bust 81 cm | Waist 60 cm | Hips 86 cm"
https://loveandflair.com//products/lunara-midi-drapped-dress-in-maroon,Lunara Midi Draped Dress In Maroon (LAST PIECE),"IDR 1,900,000",Maroon,"LUNARA MIDI DRAPED DRESSThe Lunara Midi Draped Dress is an exquisite expression of timeless elegance, crafted from richly textured jacquard that lends depth and subtle sheen to its refined silhouette. Designed with a sculptural draped bodice and a sleek mandarin-inspired neckline, the dress contours the figure with graceful folds that flow seamlessly into a softly asymmetrical midi hem, creating a poised and elongating effect. Delicate embroidered detailing and an ornamental side accent add a touch of artisanal sophistication, elevating the design with understated opulence. Available in Beige, Blue, and Maroon, this piece is a distinguished choice for formal occasions, offering a harmonious balance of classic refinement and contemporary allure.SIZE AND FIT INFORMATIONS Bust 86 cm | Waist 69 cm | Hip 94 cm | Length 123 cmM Bust 90 cm | Waist 73 cm | Hip 98 cm | Length 124 cmL Bust 94 cm | Waist 77 cm | Hip 102 cm | Length 125 cmAll measurements are taken by hand with the garment laid flat. Please allow for a 1–2 cm difference due to manual measurement.Please note that the color of the clothing may appear slightly different due to varying lighting conditions and monitor displaysCOMPOSITIONJacquardCAREHand wash, cold water, gentle detergentMODEL MEASUREMENTModel in Size SJOYAHeight 172 cm | Bust 79 cm | Waist 50 cm | Hips 91 cm"
https://loveandflair.com//products/lian-maxi-embroidered-dress-in-ash-brown,Lian Maxi Embroidered Dress In Ash Brown,"IDR 1,999,000",Ash Brown,"LIAN MAXI EMBROIDERED DRESSThe Lian Maxi Embroidered Dress is a refined expression of heritage and modern femininity, thoughtfully crafted from breathable linen for an elegant yet effortless drape. Drawing inspiration from classic cheongsam elements, its clean, elongated silhouette is elevated with intricate floral embroidery that cascades delicately along the front, each motif symbolizing grace, continuity, and quiet strength. The sleeveless cut and subtle side slits lend a contemporary lightness, allowing ease of movement while maintaining a poised, sculptural form. Finished with fabric-covered buttons and meticulous detailing, this piece transitions seamlessly from intimate gatherings to celebratory occasions. Available in Ash Brown and Oat, the Lian Maxi Embroidered Dress embodies understated luxury—timeless, meaningful, and beautifully composed.SIZE AND FIT INFORMATIONS Bust 84 cm | Waist 74 cm | Hip 88 cm | Length 130 cmM Bust 88 cm | Waist 78 cm | Hip 92 cm | Length 131 cmL Bust 92 cm | Waist 82 cm | Hip 96 cm | Length 132 cmAll measurements are taken by hand with the garment laid flat. Please allow for a 1–2 cm difference due to manual measurement.Please note that the color of the clothing may appear slightly different due to varying lighting conditions and monitor displaysCOMPOSITIONLinenCAREHand wash, cold water, gentle detergentMODEL MEASUREMENTModel in Size SJOYAHeight 172 cm | Bust 79 cm | Waist 50 cm | Hips 91 cm"
https://loveandflair.com//products/alyssa-back-ribbon-dress-in-black,Alyssa Back Ribbon Dress In Black,"IDR 1,049,000",Black,"ALYSSA BACK RIBBON DRESSThe Alyssa Back Ribbon Dress in Black embodies refined elegance with its graceful maxi length and striking backless design. Crafted to highlight sophistication, this dress features a delicate ribbon tie that adds a subtle yet captivating detail, perfect for making a poised statement at any evening event or special occasion.SIZE AND FIT INFORMATIONSize SBust : 82 cm | Waist : 66 cm | Hip 90 cm | Length = 145 cmSize M:Bust 88 cm | Waist : 72 cm | Hipl: 96 cm | Length: 146 cmSize L:Bust : 94 cm | Waist : 78 cm | Hip : 104 cm | Length : 147 cmTHIS PRE ORDER ITEM IS NOT REFUNDABLE/ EXCHANGEABLE. Please choose the right sizes before purchaseMATERIALLight SemiwoolCAREHand WashDo Not Tumble DryMODEL MEASUREMENTModel in Size SPAOLAHeight 170 cm | Bust 81 cm | Waist 60 cm | Hips 86 cm"
https://loveandflair.com//products/lunara-midi-drapped-dress-in-blue,Lunara Midi Draped Dress In Blue (Last Piece),"IDR 1,900,000",Blue,"LUNARA MIDI DRAPED DRESSThe Lunara Midi Draped Dress is an exquisite expression of timeless elegance, crafted from richly textured jacquard that lends depth and subtle sheen to its refined silhouette. Designed with a sculptural draped bodice and a sleek mandarin-inspired neckline, the dress contours the figure with graceful folds that flow seamlessly into a softly asymmetrical midi hem, creating a poised and elongating effect. Delicate embroidered detailing and an ornamental side accent add a touch of artisanal sophistication, elevating the design with understated opulence. Available in Beige, Blue, and Maroon, this piece is a distinguished choice for formal occasions, offering a harmonious balance of classic refinement and contemporary allure.SIZE AND FIT INFORMATIONS Bust 86 cm | Waist 69 cm | Hip 94 cm | Length 123 cmM Bust 90 cm | Waist 73 cm | Hip 98 cm | Length 124 cmL Bust 94 cm | Waist 77 cm | Hip 102 cm | Length 125 cmAll measurements are taken by hand with the garment laid flat. Please allow for a 1–2 cm difference due to manual measurement.Please note that the color of the clothing may appear slightly different due to varying lighting conditions and monitor displaysCOMPOSITIONJacquardCAREHand wash, cold water, gentle detergentMADE IN INDONESIAMODEL MEASUREMENTModel in Size SJOYAHeight 172 cm | Bust 79 cm | Waist 50 cm | Hips 91 cm"
https://loveandflair.com//products/belle-ruffle-dress-in-broken-white,Belle Ruffle Dress In Broken White (LAST PIECE),"IDR 554,000",White,"BELLE RUFFLE DRESSElevate your everyday wardrobe with the Belle Ruffle Dress in Broken White. This minimalist mini dress features subtle ruffle details that add a refined touch without overwhelming simplicity. Crafted for effortless style, it’s perfect for those who appreciate understated elegance in their daily wear.SIZE AND FIT INFORMATION :Size SM: Bust 88 cm | Waist 88 cm| Length 108 cmSize ML: Bust 94 cm | Waist 94cm | Length 108 cmCAREHand wash with cold water using a gentle detergent for the best preservation of quality.MODEL MEASUREMENTSModel wears Size SHeight: 165 cm | Bust: 77 cm | Waist: 59 cm | Hips: 87 cm"
https://loveandflair.com//products/analine-asymmetrical-maxi-dress-in-black,Analine Asymmetrical Maxi Dress In Black (LAST PIECE),"IDR 1,150,000",Black,"ANALINE ASYMMETRICAL MAXI DRESSA study in modern minimalism, the Analine Asymmetrical Maxi Dress offers an elevated expression of understated elegance. Crafted from a refined blend of semi-wool and airy chiffon, this design juxtaposes structure and fluidity with graceful ease. The tailored bodice, delicately suspended by fine straps, gives way to an architectural asymmetric overlay that flows seamlessly into the light, sheer chiffon skirt—creating movement with every step. Clean lines, thoughtful draping, and its tonal palette lend the piece a quiet confidence, making it a refined choice for contemporary eveningwear or gallery-worthy affairs.SIZE AND FIT INFORMATIONS Bust 76 cm | Waist 70 cm | Hip 98 cm | Length 140 cmM Bust 80 cm | Waist 74 cm | Hip 102 cm | Length 141 cmL Bust 84 cm | Waist 78 cm | Hip 106 cm | Length 142 cmAll measurements are taken by hand with the garment laid flat. Please allow for a 1–2 cm difference due to manual measurement.Please note that the color of the clothing may appear slightly different due to varying lighting conditions and monitor displaysCOMPOSITIONSemi woolChifonCAREHand wash, cold water, gentle detergentMODEL MEASUREMENTModel in Size SSHARIKAHeight 175 cm | Bust 78 cm | Waist 62 cm | Hips 87 cm"
https://loveandflair.com//products/iverly-dress-in-black,Iverly Dress In Black (XS & L LEFT),"IDR 1,989,000",Black,"IVERLY DRESS IN BLACKThe Iverly Dress in Black is a refined maxi dress featuring exquisite lace details, perfect for wedding guests who desire a sophisticated and elegant look. Its graceful silhouette offers both comfort and style, ensuring you stand out with timeless charm at any special event.SIZE AND FIT INFORMATIONXS | Bust 78 cm |Waist 68 cm | Hip 92 cm | Length 140 cmS | Bust  82 cm |Waist 72 cm | Hip 96 cm | Length 140 cmM | Bust 86 cm |Waist 76 cm | Hip 100 cm | Length 140 cmL | Bust 92 cm |Waist 82 cm | Hip 104 cm | Length 140 cmMATERIALLacesCAREdry clean onlyMODEL MEASUREMENTSModel in size SVALENTINEHeight 176 cm | Bust 82 cm | Waist 62 cm | Hips 89 cm"
https://loveandflair.com//products/lunara-midi-drapped-dress-in-beige,Lunara Midi Draped Dress In Beige (Last pieces),"IDR 1,900,000",Beige,"LUNARA MIDI DRAPED DRESSThe Lunara Midi Draped Dress is an exquisite expression of timeless elegance, crafted from richly textured jacquard that lends depth and subtle sheen to its refined silhouette. Designed with a sculptural draped bodice and a sleek mandarin-inspired neckline, the dress contours the figure with graceful folds that flow seamlessly into a softly asymmetrical midi hem, creating a poised and elongating effect. Delicate embroidered detailing and an ornamental side accent add a touch of artisanal sophistication, elevating the design with understated opulence. Available in Beige, Blue, and Maroon, this piece is a distinguished choice for formal occasions, offering a harmonious balance of classic refinement and contemporary allure.SIZE AND FIT INFORMATIONS Bust 86 cm | Waist 69 cm | Hip 94 cm | Length 123 cmM Bust 90 cm | Waist 73 cm | Hip 98 cm | Length 124 cmL Bust 94 cm | Waist 77 cm | Hip 102 cm | Length 125 cmAll measurements are taken by hand with the garment laid flat. Please allow for a 1–2 cm difference due to manual measurement.Please note that the color of the clothing may appear slightly different due to varying lighting conditions and monitor displaysCOMPOSITIONJacquardCAREHand wash, cold water, gentle detergentMODEL MEASUREMENTModel in Size SJOYAHeight 172 cm | Bust 79 cm | Waist 50 cm | Hips 91 cm"
https://loveandflair.com//products/sacora-jacket-in-beige,Sacora Jacket In Beige,"IDR 1,200,000",Beige,"SECORA JACKETElevate your modern wardrobe with the Sacora Jacket, a masterclass in utility-inspired sophistication crafted from high-quality polyester for a smooth, refined drape. Designed with a distinct oversized silhouette, this contemporary piece reinterprets classic trench coat details through structured shoulder epaulets, striking contrast buttons, asymmetric flap detailing, and a high-standing convertible collar. Complete with functional side pockets and an elasticated cinched hem that creates a chic cropped effect, it effortlessly balances edge with timeless elegance—available in classic Beige and timeless Black to suit any tailored ensemble.Made in ChinaSIZE AND FIT INFORMATIONOne Size Bust 122 cm | Waist 110 cm | Hip 92-120 cm | Sleeve 66 cm | Length 64 cmAll measurements are taken by hand with the garment laid flat. Please allow for a 1–2 cm difference due to manual measurement.Please note that the color of the clothing may appear slightly different due to varying lighting conditions and monitor displaysCOMPOSITIONPolyesterCAREHand wash, cold water, gentle detergentMODEL MEASUREMENTModel in Size One SizeJUDITHHeight 170 cm | Bust 77 cm | Waist 60 cm | Hips 89 cm"
https://loveandflair.com//products/adina-dress-in-pink,Adina Dress in Pink,"IDR 1,989,000",Pink,"ADINA DRESSA graceful midi dress featuring a fitted bodice with elegant twisted draping on the bust and delicate spaghetti straps. Designed with a flattering silhouette and a flowy gathered skirt, this dress offers a feminine and timeless look, making it perfect for special occasions, dinner parties, or celebrations. Crafted from premium fabric for a comfortable and polished finish.SIZE AND FIT INFORMATIONXS Bust 78 cm | Waist 68 cm | Length 120 cmS   Bust 82 cm | Waist 72 cm | Length 120 cmM Bust 86 cm | Waist  76 cm | Length 120 cmL   Bust 92 cm | Waist 82 cm | Length 120 cmMATERIALDutchesCAREDry Clean OnlyMODEL MEASUREMENTModel in size SMILENAHeight 172 cm | Bust 73 cm | Waist 58 cm | Hips 79 cm"
https://loveandflair.com//products/keegan-boxy-t-shirt-in-white,Keegan Boxy T-Shirt In White,"IDR 349,000",White,"KEEGAN BOXY T-SHIRTCut from a substantial cotton with a soft, structured hand, the Keegan Boxy T-Shirt takes the everyday tee and elevates it through considered proportion — a classic crew neckline sits close to the collarbone, while dropped shoulders and folded cuff sleeves lend the piece its signature relaxed, boxy shape, falling into a straight, easy silhouette through the body; understated yet purposefully cut, this t-shirt available in navy and white serves as an effortless foundation piece, ideal for the woman who values quiet, well-made basics that anchor a considered wardrobe.Made in IndonesiaSIZE AND FIT INFORMATIONSM Bust 98 cm | Waist 98 cm | Hip 100 cm | Sleeve 14.5 cm | Length 60 cmML Bust 104 cm | Waist 104 cm | Hip 106 cm | Sleeve 16 cm | Length 61 cmAll measurements are taken by hand with the garment laid flat. Please allow for a 1–2 cm difference due to manual measurement.Please note that the color of the clothing may appear slightly different due to varying lighting conditions and monitor displaysCOMPOSITIONCottonCAREHand wash, cold water, gentle detergentMODEL MEASUREMENTModel in Size SMJUDITHHeight 170 cm | Bust 77 cm | Waist 60 cm | Hips 89 cm"
https://loveandflair.com//products/adina-dress-in-black,Adina Dress in Black,"IDR 1,989,000",Black,"ADINA DRESSA graceful midi dress featuring a fitted bodice with elegant twisted draping on the bust and delicate spaghetti straps. Designed with a flattering silhouette and a flowy gathered skirt, this dress offers a feminine and timeless look, making it perfect for special occasions, dinner parties, or celebrations. Crafted from premium fabric for a comfortable and polished finish.SIZE AND FIT INFORMATIONXS Bust 78 cm | Waist 68 cm | Length 120 cmS   Bust 82 cm | Waist 72 cm | Length 120 cmM Bust 86 cm | Waist  76 cm | Length 120 cmL   Bust 92 cm | Waist 82 cm | Length 120 cmMATERIALDutchesCAREDry Clean OnlyMODEL MEASUREMENTModel in size SSHARIKAHeight 175 cm | Bust 78 cm | Waist 62 cm | Hips 87 cm"
https://loveandflair.com//products/debbie-jacquard-dress-in-broken-white,Debbie Jacquard Dress In Broken White (S LEFT),"IDR 1,199,000",Broken White,"DEBBIE JACQUARD DRESSIndulge in luxury with the Debbie Jacquard Dress. Crafted from cotton jacquard, this romantic maxi dress is perfect for special occasions. Its intricate pattern and elegant silhouette make it a tasteful addition to your wardrobe. Elevate your style and make a statement with this exclusive piece.SIZE AND FIT INFORMATIONSize S: Bust 86 cm | Waist 74 cm | Hips 100 cm | Length 135 cmSize M: Bust 90cm| Waist 80 cm | Hips 106cm | Length 136cmSize L: Bust  96cm | Waist 86cm | Hips 112cm | Length: 138cmMATERIALcotton jacquardCAREdry clean onlyMODEL MEASUREMENTSModel in Size SAMINAHeight 173 cm | Bust 83 cm | Waist 62 cm | Hip 88 cm"
https://loveandflair.com//products/sacora-jacket-in-black,Sacora Jacket In Black,"IDR 1,200,000",Black,"SACORA JACKETElevate your modern wardrobe with the Sacora Jacket, a masterclass in utility-inspired sophistication crafted from high-quality polyester for a smooth, refined drape. Designed with a distinct oversized silhouette, this contemporary piece reinterprets classic trench coat details through structured shoulder epaulets, striking contrast buttons, asymmetric flap detailing, and a high-standing convertible collar. Complete with functional side pockets and an elasticated cinched hem that creates a chic cropped effect, it effortlessly balances edge with timeless elegance—available in classic Beige and timeless Black to suit any tailored ensemble.Made in ChinaSIZE AND FIT INFORMATIONOne Size Bust 122 cm | Waist 110 cm | Hip 92-120 cm | Sleeve 66 cm | Length 64 cmAll measurements are taken by hand with the garment laid flat. Please allow for a 1–2 cm difference due to manual measurement.Please note that the color of the clothing may appear slightly different due to varying lighting conditions and monitor displaysCOMPOSITIONPolyesterCAREHand wash, cold water, gentle detergentMODEL MEASUREMENTModel in Size One SizeJUDITHHeight 170 cm | Bust 77 cm | Waist 60 cm | Hips 89 cm"
https://loveandflair.com//products/billie-layered-dress-in-nude,Billie Layered Dress In Nude,"IDR 1,332,000",Nude,"BILLIE LAYERED DRESSThis elegant dress features a delicate two-piece design with a nude inner layer and a sheer outer layer, creating a sophisticated, layered look. It is enhanced by a detachable belt adorned with embroidered floral details, adding a refined touch and allowing for versatile styling. Perfect for occasions that call for understated elegance.SIZE AND FIT INFORMATIONOuter:One Size Bust 96 cm | Waist 102 cm | Length 136 cmInner:Bust 93 cm| Waist 102 cm| Length 110 cmMATERIALOrganza Crush, SateenCAREHand washDo not bleachCool Iron 110° C or SteamerDo not tumble dryMODEL MEASUREMENTModel in Size SPAOLAHeight 170 cm | Bust 81 cm | Waist 60 cm | Hips 86 cm"
https://loveandflair.com//products/viola-midi-dress-in-pink,Viola Midi Dress in Pink,"IDR 2,774,000",Pink,"VIOLA MIDI DRESSThis midi-length dress combines elegance with innovative construction. A sleeveless design provides clean lines, while multiple ties at the front create dynamic visual layering.SIZE FIT & INFORMATION( S )   Bust: 84cm | Waist: 68cm | Hip up to 137cm | Length: 126cm( M ) Bust: 88cm | Waist: 72cm | Hip up to 141cm | Length: 128cm( L )   Bust: 92cm | Waist: 76cm | Hip up to 145cm | Length: 130cmImportant : as this item is shipped directly from the vendor will take between 3-5 working days. Please note that paxel and gosend shipments will not apply for this.MATERIALMain: Nylon SpandexCAREDry clean or gentle handwashMedium heat steamMedium heat ironMODEL MEASUREMENTSModel in Size SNANA BHEHeight 179 cm | Bust 75 cm | Waist 60 cm | Hips 89 cm"
https://loveandflair.com//products/charlene-ribbon-midi-dress-in-black,Charlene Ribbon Midi Dress In Black,"IDR 949,000",Black,"CHARLENE RIBBON MIDI DRESSThe Charlene Ribbon Midi Dress in Black offers a sleek, backless design that embodies understated elegance. Its simple silhouette is enhanced by delicate ribbon details, making it perfect for sophisticated occasions where effortless style is key. This midi-length dress combines comfort with a refined look, ideal for evening events or stylish gatherings.SIZE AND FIT INFORMATIONSize XS Bust : : 80 cm | Waist 68 cm | Hip : 104 cm | Length : 121 cmSize S Bust 84 cm  | Waist 72 cm | Hip : 108 cm | Length 122 cmSize M 90 cm  | Waist 78 cm | Hip : 112 cm | Length 123 cmSize L 96 cm  | Waist 84 cm | Hip : 116 cm | Length: 123 cmMATERIALSemiwoolCAREdry clean onlyMODEL MEASUREMENTSModel in size SMARISSAHeight 170 cm | Bust 78 cm | Waist 62 cm | Hips 88 cm"
https://loveandflair.com//products/lou-ruffle-maxi-dress-in-espresso,Lou Ruffle Maxi Dress In Espresso,"IDR 1,199,000",Espresso,"LOU RUFFLE DRESSElevate your wardrobe with the Lou Ruffle Maxi Dress in Espresso. Crafted from luxurious silk, this simple yet elegant maxi dress features delicate ruffle details that add a refined touch. Its flowing silhouette offers effortless sophistication, perfect for both daytime events and evening occasions. Experience timeless style and comfort in one graceful piece.SIZE AND FIT INFORMATIONSize XS: Bust 80cm | Waist: 58-90 cm | Length: 134 cmSize S:   Bust 84 cm | Waist:60-92 cm| Length: 134 cmSize M: Bust 90cm | Waist: 66 - 98 cm | Length: 135 cmSize L: Bust 96 cm | Waist: 72-104cm | Length: 135cmMATERIALTextured SilkCAREdry clean onlyMODEL MEASUREMENTSModel in Size sValentineHeight 176 cm | Bust 82 cm | Waist 62 cm | Hips 89 cm"
https://loveandflair.com//products/keegan-boxy-t-shirt-in-navy,Keegan Boxy T-Shirt In Navy,"IDR 349,000",Navy,"KEEGAN BOXY T-SHIRTCut from a substantial cotton with a soft, structured hand, the Keegan Boxy T-Shirt takes the everyday tee and elevates it through considered proportion — a classic crew neckline sits close to the collarbone, while dropped shoulders and folded cuff sleeves lend the piece its signature relaxed, boxy shape, falling into a straight, easy silhouette through the body; understated yet purposefully cut, this t-shirt available in navy and white serves as an effortless foundation piece, ideal for the woman who values quiet, well-made basics that anchor a considered wardrobe.Made in IndonesiaSIZE AND FIT INFORMATIONSM Bust 98 cm | Waist 98 cm | Hip 100 cm | Sleeve 14.5 cm | Length 60 cmML Bust 104 cm | Waist 104 cm | Hip 106 cm | Sleeve 16 cm | Length 61 cmAll measurements are taken by hand with the garment laid flat. Please allow for a 1–2 cm difference due to manual measurement.Please note that the color of the clothing may appear slightly different due to varying lighting conditions and monitor displaysCOMPOSITIONCottonCAREHand wash, cold water, gentle detergentMODEL MEASUREMENTModel in Size SMJUDITHHeight 170 cm | Bust 77 cm | Waist 60 cm | Hips 89 cm"
https://loveandflair.com//products/keegan-boxy-t-shirt-in-black,Keegan Boxy T-Shirt In Black,"IDR 349,000",Black,"KEEGAN BOXY T-SHIRTCut from a substantial cotton with a soft, structured hand, the Keegan Boxy T-Shirt takes the everyday tee and elevates it through considered proportion — a classic crew neckline sits close to the collarbone, while dropped shoulders and folded cuff sleeves lend the piece its signature relaxed, boxy shape, falling into a straight, easy silhouette through the body; understated yet purposefully cut, this t-shirt available in navy and white serves as an effortless foundation piece, ideal for the woman who values quiet, well-made basics that anchor a considered wardrobe.Made in IndonesiaSIZE AND FIT INFORMATIONSM Bust 98 cm | Waist 98 cm | Hip 100 cm | Sleeve 14.5 cm | Length 60 cmML Bust 104 cm | Waist 104 cm | Hip 106 cm | Sleeve 16 cm | Length 61 cmAll measurements are taken by hand with the garment laid flat. Please allow for a 1–2 cm difference due to manual measurement.Please note that the color of the clothing may appear slightly different due to varying lighting conditions and monitor displaysCOMPOSITIONCottonCAREHand wash, cold water, gentle detergentMODEL MEASUREMENTModel in Size SMGIGIHeight 174 cm | Bust 82 cm | Waist 60 cm | Hips 90 cm"
https://loveandflair.com//products/audrey-maxi-dress-in-sky-blue,Audrey Maxi Dress in Sky Blue,"IDR 1,099,000",Sky Blue,"AUDREY MAXI DRESSAn elegant floor-length dress featuring a sophisticated halter neckline, soft gathered detailing, and a defined waist for a flattering silhouette. Crafted from lightweight fabric with a beautifully flowing skirt, this timeless piece is perfect for formal events, evening occasions, and special celebrations.SIZE AND FIT INFORMATIONS   Bust 84 cm | Waist 66 cm | Length 145 cmM  Bust 90 cm | Waist 72 cm | Length 146cmL    Bust 96 cm | Waist 76cm | Length 147cmCOMPOSITIONTextured SilkCAREHand wash, cold water, gentle detergentMODEL MEASUREMENTModel in size SMILENAHeight 172 cm | Bust 73 cm | Waist 58 cm | Hips 79 cm"
https://loveandflair.com//products/keegan-boxy-t-shirt-in-grey,Keegan Boxy T-Shirt In Grey,"IDR 349,000",Grey,"KEEGAN BOXY T-SHIRTCut from a substantial cotton with a soft, structured hand, the Keegan Boxy T-Shirt takes the everyday tee and elevates it through considered proportion — a classic crew neckline sits close to the collarbone, while dropped shoulders and folded cuff sleeves lend the piece its signature relaxed, boxy shape, falling into a straight, easy silhouette through the body; understated yet purposefully cut, this t-shirt available in navy and white serves as an effortless foundation piece, ideal for the woman who values quiet, well-made basics that anchor a considered wardrobe.Made in IndonesiaSIZE AND FIT INFORMATIONSM Bust 98 cm | Waist 98 cm | Hip 100 cm | Sleeve 14.5 cm | Length 60 cmML Bust 104 cm | Waist 104 cm | Hip 106 cm | Sleeve 16 cm | Length 61 cmAll measurements are taken by hand with the garment laid flat. Please allow for a 1–2 cm difference due to manual measurement.Please note that the color of the clothing may appear slightly different due to varying lighting conditions and monitor displaysCOMPOSITIONCottonCAREHand wash, cold water, gentle detergentMODEL MEASUREMENTModel in Size SMGIGIHeight 174 cm | Bust 82 cm | Waist 60 cm | Hips 90 cm"
https://loveandflair.com//products/laura-midi-dress-in-sky-blue,Laura Midi Dress in Sky Blue,"IDR 1,199,000",Sky Blue,"LAURA MIDI DRESSA graceful maxi dress in a soft powder blue hue, featuring delicate ruched detailing at the bust and a flowing gathered skirt. Designed with slender shoulder straps and a flattering fitted bodice, this lightweight dress creates an effortlessly feminine and elegant silhouette for both daytime and special occasions.SIZE AND FIT INFORMATIONS   Bust 84 cm | Waist 76cm | Hips 96cm | Length 140cmM  Bust 88 cm | Waist 82cm | Hips 102cm | Length 141cmL   Bust 94 cm | Waist 88cm | Hips 108cm | Length 142cmCOMPOSITIONTextured SilkCAREHand wash, cold water, gentle detergentMODEL MEASUREMENTModel in size SMILENAHeight 172 cm | Bust 73 cm | Waist 58 cm | Hips 79 cm"
https://loveandflair.com//products/aurelia-long-gown-in-butter,Aurelia Long Gown In Butter (LAST PIECES),"IDR 1,200,000",Butter,"AURELIA LONG GOWNThe Aurelia Long Gown is a study in sculptural elegance and dramatic simplicity. Crafted from premium semi-wool, its silhouette gracefully flows down in a classic A-line, while a sophisticated one-shoulder drape adds a dramatic twist — creating a look that is both statuesque and effortlessly refined. The rich texture of the fabric, combined with its clean lines, makes this piece a timeless choice for glamorous occasions. Available in Espresso and Butter, the Aurelia Long Gown encapsulates pure, sophisticated allure.SIZE AND FIT INFORMATIONXS Bust 73 cm | Waist 62 cm | Hip 74 cm | Length 137 cmS Bust 77 cm | Waist 64 cm | Hip 78 cm | Length 138 cmM Bust 81 cm | Waist 68 cm | Hip 82 cm | Length 139 cmL Bust 85 cm | Waist 72 cm | Hip 86 cm | Length 140 cmAll measurements are taken by hand with the garment laid flat. Please allow for a 1–2 cm difference due to manual measurement.Please note that the color of the clothing may appear slightly different due to varying lighting conditions and monitor displaysCOMPOSITIONSemi woolCAREHand wash, cold water, gentle detergentMODEL MEASUREMENTModel in Size SKETTY CHANGHeight 172 cm | Bust 81 cm | Waist 61 cm | Hips 86 cm"
https://loveandflair.com//products/audrey-maxi-dress-in-soft-pink,Audrey Maxi Dress in Soft Pink,"IDR 1,099,000",Soft Pink,"AUDREY MAXI DRESSAn elegant floor-length dress featuring a sophisticated halter neckline, soft gathered detailing, and a defined waist for a flattering silhouette. Crafted from lightweight fabric with a beautifully flowing skirt, this timeless piece is perfect for formal events, evening occasions, and special celebrations.SIZE AND FIT INFORMATIONS   Bust 84 cm | Waist 66 cm | Length 145 cmM  Bust 90 cm | Waist 72 cm | Length 146cmL    Bust 96 cm | Waist 76cm | Length 147cmCOMPOSITIONTextured SilkCAREHand wash, cold water, gentle detergentMODEL MEASUREMENTModel in size SSHARIKAHeight 175 cm | Bust 78 cm | Waist 62 cm | Hips 87 cm"
https://loveandflair.com//products/charlene-ribbon-midi-dress-in-ivory,Charlene Ribbon Midi Dress In Ivory,"IDR 949,000",Ivory,"CHARLENE RIBBON MIDI DRESSThe Charlene Ribbon Midi Dress in Ivory offers a sleek, backless design that embodies understated elegance. Its simple silhouette is enhanced by delicate ribbon details, making it perfect for sophisticated occasions where effortless style is key. This midi-length dress combines comfort with a refined look, ideal for evening events or stylish gatherings.SIZE AND FIT INFORMATIONSize XS Bust : : 80 cm | Waist 68 cm | Hip : 104 cm | Length : 121 cmSize S Bust 84 cm  | Waist 72 cm | Hip : 108 cm | Length 122 cmSize M 90 cm  | Waist 78 cm | Hip : 112 cm | Length 123 cmSize L 96 cm  | Waist 84 cm | Hip : 116 cm | Length: 123 cmMATERIALSemiwoolCAREdry clean onlyMODEL MEASUREMENTSModel in size SKETTYBust: 81cm | Waist: 61 cm | Hip: 87cm | Height: 174cm"
