link,recipe_name,rating_out5,chef_name,prep_time,cook_time,stand_time,marinate_time,total_time,additional_time,servings,ingredients_list,direction,nutrition_list
https://www.allrecipes.com/tailgate-tandoori-chicken-recipe-11827792,Tailgate Tandoori Chicken,5.0,John Mitzewich,30 mins,40 mins,10 mins,30 mins,1 hr 50 mins,,8,"['1 teaspoon grated ginger', '1 lemon, juiced', '1 tablespoon tomato paste', '6 cloves garlic , minced', '1 tablespoon smoked paprika', '2 teaspoons ground cumin', '2 teaspoons ground coriander', '1 teaspoon cayenne', '1 teaspoon garam masala', '1/2 teaspoon ground turmeric', '2 1/2 teaspoons kosher salt', '1/2 teaspoon freshly ground black pepper', '1 teaspoon white sugar', '2 tablespoons vegetable oil', '1/3 cup Greek yogurt', '2 1/2 pounds skinless, boneless chicken thighs', 'butter, for greasing parchment', '2 orange sweet potatoes , peeled, sliced into 1/4-inch-thick rounds', '1 lime, juiced', '1/2 red onion , cut into strips', '1 red bell pepper, cut into strips', '2 Fresno chilies or other green pepper, cut into strips', '1/4 cup melted butter', '1/4 cup chopped fresh cilantro (optional)', '1/2 cup Greek yogurt', '1 clove garlic, crushed', '1/2 lemon, juiced', '1 pinch salt', '1 pinch cayenne']","['Combine ginger, lemon juice, and tomato paste in a large bowl. Whisk together and let sit for about 10 minutes while you gather marinade ingredients.', 'Add garlic, paprika, cumin, coriander, cayenne, garam masala, turmeric, salt, black pepper, sugar, vegetable oil, and Greek yogurt to ginger mixture, and whisk to combine thoroughly.', 'Cut each chicken thigh into 3 equal parts. Transfer into marinade and mix thoroughly. Be sure every part of chicken is coated. Cover and refrigerate for 30 to 60 minutes.', 'Meanwhile, preheat the oven to 400 degrees F (200 degrees C). Line a sheet pan with parchment paper, and butter the parchment.', 'Toss sweet potato slices with lime juice. Place sweet potatoes, evenly spaced, on the prepared sheet pan and season with salt.', 'Bake in the preheated oven until sweet potatoes are about 75% tender, 10 to 15 minutes. Remove from the oven; set aside until chicken is done marinating.', 'Increase the oven temperature to 500 degrees F (260 degrees C).', 'Place chicken pieces on top of sweet potato slices, distributing evenly. Place strips of peppers and onions between and around chicken pieces, being careful not to cover any of the meat. Drizzle chicken with melted butter.', 'Bake in the preheated oven until edges of chicken have begun to turn golden brown, chicken is no longer pink at the center, and juices run clear, 30 to 35 minutes. Scatter cilantro over chicken\xa0 before serving.', 'For the optional yogurt sauce, whisk Greek yogurt, garlic, lemon juice, salt, and cayenne together in a small bowl until smooth.']","['376 Calories', '22g Fat', '11g Carbs', '37g Protein']"
https://www.allrecipes.com/recipe/212721/indian-chicken-curry-murgh-kari/,Indian Chicken Curry (Murgh Kari),4.7,Allrecipes Test Kitchen,20 mins,40 mins,,,1 hr,,6,"['2 pounds skinless, boneless chicken breast halves', '2 teaspoons salt', '3 tablespoons cooking oil, or as needed', '1 ½ cups chopped onion', '1 tablespoon minced garlic', '1 ½ teaspoons minced fresh ginger root', '1 tablespoon curry powder', '1 teaspoon ground cumin', '1 teaspoon ground turmeric', '1 teaspoon ground coriander', '1 teaspoon cayenne pepper', '1 tablespoon water', '1 (15 ounce) can crushed tomatoes', '1 cup plain yogurt', '1 tablespoon chopped fresh cilantro', '1 teaspoon salt', '½ cup water', '1 teaspoon garam masala', '1 tablespoon chopped fresh cilantro', '1 tablespoon fresh lemon juice']","['Gather all ingredients.', 'Sprinkle the chicken breasts with 2 teaspoons salt. Heat 1 to 2 tablespoons oil in a large skillet over high heat. Brown chicken in batches, adding more oil as needed, until partially cooked and golden on all sides. Transfer browned chicken breasts to a plate and set aside.', 'Reduce the heat to medium and add onion, garlic, and ginger to the oil remaining in the skillet. Cook and stir until onion turns soft and translucent, 5 to 8 minutes. Stir curry powder, cumin, turmeric, coriander, cayenne, and 1 tablespoon of water into the onion mixture; allow to heat together for about 1 minute while stirring.', 'Add tomatoes, yogurt, 1 tablespoon chopped cilantro, and 1 teaspoon salt to the mixture; stir to combine.', 'Return chicken breast to the skillet along with any juices on the plate. Pour in 1/2 cup water and bring to a boil, turning the chicken to coat with the sauce. Sprinkle garam masala and 1 tablespoon cilantro over the chicken.', 'Cover the skillet and simmer until chicken breasts are no longer pink in the center and the juices run clear, about 20 minutes. An instant-read thermometer inserted into the center should read at least 165 degrees F (74 degrees C).', 'Drizzle with lemon juice to serve. Enjoy!']","['427 Calories', '24g Fat', '15g Carbs', '38g Protein']"
https://www.allrecipes.com/one-pot-turmeric-chicken-and-rice-recipe-8716130,One Pot Turmeric Chicken and Rice,4.3,Brenda Venable,20 mins,40 mins,,,1 hr,,4,"['1 1/2 pounds skinless, boneless chicken breast, cut into 1 1/2-inch pieces', 'salt and freshly ground black pepper to taste', '1 tablespoon unsalted butter', '1 teaspoon ground turmeric', '1 cup chopped onion', '2 teaspoons peeled and minced fresh ginger', '2 cloves garlic , peeled and minced', '1 cup chopped tomato', '2 cups green beans , cut into 2-inch pieces', '1 teaspoon curry powder', '1 pinch ground cinnamon', '1/4 teaspoon ground cumin', '1 cup jasmine rice', '2 bay leaves', '2 teaspoons fish sauce', '1 1/2 cups chicken stock']","['Pat chicken pieces dry; season with salt and pepper.', 'Melt butter in a large casserole or Dutch oven, and sprinkle with turmeric. Add chicken pieces in a single layer and cook over medium-high heat until lightly browned, 2 to 3 minutes. Turn and brown the other side, 2 to 3 minutes. Transfer chicken to a plate and keep warm.', 'To the same pot, add onion, ginger, and garlic and cook, stirring occasionally, until starting to brown, about 2 minutes. Add tomatoes, green beans, curry powder, cinnamon, cumin, and rice. Stir constantly, until fragrant, about 1 minute. Return chicken and any accumulated juices to the pot, and add bay leaves, fish sauce, and chicken stock. Be sure to stir up all the browned bits from the bottom of the pot into the sauce.', 'Bring to a boil, cover, and reduce heat to low; simmer for 10 minutes. Meanwhile, make raita, if using (See Cook’s Note).', 'Adjust the lid to partially cover and vent, and continue to simmer until rice is tender, 10 to 15 minutes longer.', 'Remove from heat, uncover, and let stand for 5 minutes. Serve warm, with raita as a garnish, if desired.']","['453 Calories', '11g Fat', '28g Carbs', '59g Protein']"
https://www.allrecipes.com/chicken-bhuna-recipe-7485475,Chicken Bhuna,3.9,,20 mins,40 mins,,,1 hr,,4,"['2 tablespoons vegetable oil', '3 medium onions, finely chopped', '1 teaspoon salt', '4 cloves garlic, crushed', '1 tablespoon minced fresh ginger', '1/4 cup hot water', '1 teaspoon chili powder', '1 teaspoon ground coriander', '1 teaspoon ground cumin', '1/2 teaspoon ground turmeric', '2 medium tomatoes, chopped', '2 green chiles, halved lengthways (Optional)', '2 skinless, boneless chicken breast halves, cubed', ""1 teaspoon curry paste, such as Patak's"", '1/4 cup fresh cilantro leaves, chopped']","['Heat oil in a nonstick pan over high heat. Add onion and salt; cook and stir until onion has softened, about 5 minutes.', 'Reduce heat to low; stir in garlic and ginger until fragrant. Add hot water; cover, and cook, stirring occasionally, until water has evaporated, about 5 minutes.', 'Add chili powder, ground coriander, cumin, and turmeric; cook and stir over high heat until spices are toasted, about 5 minutes. Stir in tomatoes and green chiles; cover and cook over low heat for 5 minutes.', 'Add chicken; cook and stir over high heat until browned, 5 to 7 minutes. Stir in curry paste; reduce heat to low, cover and cook until chicken is cooked through, adding a little water if necessary, about 5 minutes. Check seasoning and sprinkle with freshly chopped cilantro.']","['183 Calories', '9g Fat', '16g Carbs', '12g Protein']"
https://www.allrecipes.com/one-pan-golden-butter-chicken-recipe-12059688,One-Pan Golden Butter Chicken,5.0,John Mitzewich,20 mins,20 mins,,,40 mins,,4,"['1 tablespoon vegetable oil , plus 1 teaspoon , divided', '1 tablespoon butter', '1 medium yellow onion , diced', '1 1/2 teaspoons kosher salt', '1 1/2 pounds skinless, boneless chicken thighs , cut into 1 1/2-inch pieces', '1 tablespoon garam masala', '1 teaspoon ground cumin', '1 teaspoon smoked paprika', '1/2 teaspoon ground turmeric', '1/8 teaspoon ground cinnamon', '1/8 teaspoon cayenne pepper', '1 tablespoon freshly grated or finely minced fresh ginger', '4 clove s garlic , finely crushed', '1/4 cup tomato paste', '1/2 cup chicken broth', '1 cup heavy cream', '1 tablespoon cold unsalted butter', '1/2 cup torn cilantro leaves', '2 cups basmati rice', '2 tablespoons kosher salt', '1 bay leaf', '2 green cardamon pods']","['Add one tablespoon vegetable oil and butter to a skillet set over medium-high heat. Transfer in onion and salt, and cook, stirring, until onion starts to turn translucent, 2 to 3 minutes. Transfer in the chicken and press down into the onions, arranging the pieces in a single, uniform layer.', 'Let chicken sear in the pan for about 2 minutes. While searing, sprinkle chicken evenly with garam masala, cumin, smoked paprika, turmeric, cinnamon, and cayenne. Use a spatula to mix spices into the chicken pieces and cook, stirring, for another 2 minutes.', 'Make a space in the center of the pan and drizzle in one more teaspoon vegetable oil. Transfer ginger and garlic into the oil, and sizzle for about 30 seconds, while stirring, then use the spatula to mix garlic and ginger into the chicken, and cook, stirring, for another minute.', 'Again, make a space in the center, and add the tomato paste. Cook, stirring in the center of the pan, for about 30 seconds, then mix into the chicken and cook, stirring, until tomato paste starts to caramelize onto the bottom of the pan, about 2 minutes more.', 'Stir in chicken broth and cream, and wait for the sauce to begin simmering, while scraping any caramelization off the bottom of the pan with the spatula. When the mixture comes to a simmer,\xa0 reduce heat to medium-low and simmer until the sauce thickens slightly, 3 to 4 minutes.', 'Reduce heat to low, and stir in the chunk of cold butter. Taste for salt and add more if necessary.\xa0 Serve on basmati rice with chopped or torn cilantro leaves.', 'For the optional, but perfect, basmati rice, add rice to a mixing bowl, and fill the bowl with cold water. Swish rice around and then drain the water out of the bowl, being careful not to lose any rice in the sink. Refill the bowl, and repeat this process until most of the starch is washed off the rice and water is almost clear. Fill the bowl with water, and let the rice soak for 20 minutes.', 'Bring 3 quarts of water up to a simmer. Add salt, bay leaf, and cardamom to the pot.', 'Drain\xa0 water off the soaked rice, and transfer into the simmering pot of water. Stir, and let rice cook for 7 1/2 minutes. Adjust flame so the pot is at a rapid simmer. Stir occasionally.', 'When the timer rings, drain rice into a strainer, and let sit for 30 seconds. Quickly transfer rice into a pot or container, and cover tightly. Let the rice steam, covered, for 6 minutes. Uncover and use a fork to fluff the rice.']","['608 Calories', '45g Fat', '11g Carbs', '45g Protein']"
https://www.allrecipes.com/sheet-pan-chicken-tandoori-recipe-12034772,Sheet Pan Chicken Tandoori,4.5,Juliana Hale,1 hr 10 mins,,,1 hr,2 hrs 10 mins,,4,"['4 (5- to 6-ounce) bone-in chicken thighs , trimmed', '1/3 cup plain whole-milk Greek-style yogurt', '1 tablespoon lime or lemon juice', '4 teaspoons Tandoori Masala Spice Mix (recipe below)', '1/2 teaspoon Kashmiri chili powder (or paprika with a pinch of cayenne pepper)', '1/2 teaspoon salt', '12 ounces tiny red or yellow baby potatoes', '3 cups cauliflower florets', '1/2 medium red onion , cut into 1-inch wedges', '1 tablespoon vegetable oil', 'cilantro leaves , for garnish', 'naan and/or microwavable rice, for serving']","['Remove and discard skin from chicken thighs. Cut several deep slits into each thigh and place chicken thighs in a resealable plastic bag set in a shallow dish.', 'Whisk together yogurt, lime juice, 3 teaspoons Tandoori Masala Spice Mix, and the Kashmiri chili powder in a small bowl. Pour over chicken thighs. Seal bag and turn to coat.', 'Marinate chicken in refrigerator for at least 1 hour or up to 24 hours.', 'Preheat oven to 375 degrees Fahrenheit. Line a 13x18-inch rimmed sheet pan with foil. Remove chicken from marinade, discarding marinade. Arrange chicken on prepared pan. Season chicken with 1/4 teaspoon salt.', 'In a large bowl, toss together potatoes, cauliflower, onion, oil, and remaining 1 teaspoon Tandoori Masala Spice Mix and 1/4 teaspoon salt. Add to pan, spreading evenly.', 'Roast in the preheated oven until vegetables are tender and an instant-read thermometer inserted into thickest parts of chicken registers 175 degrees F (79 degrees C), 45 to 55 minutes.', 'Set oven rack about 6 inches from heat source and preheat broiler. Broil chicken and veggies until lightly charred, turning halfway through, 4 to 6 minutes. Garnish with cilantro and serve with naan and/or rice.']","['512 Calories', '28g Fat', '26g Carbs', '44g Protein']"
https://www.allrecipes.com/roscoes-chicken-65-recipe-8707302,Roscoe's Chicken 65,4.5,Roscoe Hall,20 mins,5 mins,,2 hrs,25 mins,,8,"['2 pounds skinless boneless chicken thighs , cut into bite-sized pieces', ""1/4 cup fresh curry leaves , chopped, or more to taste (see Cook's Note)"", '1 cup plain yogurt', '1 tablespoon grated garlic', '1 tablespoons grated fresh ginger', '2 tablespoons Kashmiri hot chili powder', '1 tablespoon salt', '1 tablespoon ground turmeric', '1 tablespoon garam masala', '1 tablespoon ground coriander', '1 teaspoon ground cardamom', '1 teaspoon freshly ground black pepper', '1 cup cornstarch', '1 cup rice flour', '1 cup chili peppers', '2 cups vegetable oil for frying, or as needed']","['Mix chicken, curry leaves, yogurt, garlic, ginger, chili powder, turmeric, garam masala, salt, coriander, cardamom, and black pepper together. Cover and let marinate in a refrigerator for 2 hours or up to overnight.', 'Stir cornstarch and rice flour into chicken and yogurt mixture just before preparing to fry chicken.', 'Heat oil in a deep pan over medium heat. Add chicken pieces and chili peppers carefully into the hot oil, working in batches, and fry, stirring frequently, until browned and crispy, about 5 minutes.', 'Transfer to a plate lined with paper towels to drain. Repeat with remaining chicken pieces.']","['394 Calories', '14g Fat', '38g Carbs', '31g Protein']"
https://www.allrecipes.com/recipe/50347/indian-tandoori-chicken/,Tandoori Chicken,4.4,Allrecipes Test Kitchen,25 mins,20 mins,,,7 hrs 5 mins,6 hrs 20 mins,4,"['2 pounds chicken, cut into pieces', '1 medium lemon, juiced', '1 teaspoon salt', '1 ¼ cups plain yogurt', '½ medium onion, finely chopped', '1 clove garlic, minced', '2 teaspoons garam masala', '1 teaspoon grated fresh ginger root', '1 teaspoon cayenne pepper', '1 teaspoon red food coloring (Optional)', '1 teaspoon yellow food coloring (Optional)', '2 teaspoons finely chopped cilantro', '1 medium lemon, cut into wedges']","['Gather all ingredients.', 'Remove and discard skin from chicken pieces. Cut slits into meat and place into a shallow dish. Season chicken on both sides with lemon juice and salt. Let sit for 20 minutes.', 'Mix yogurt, onion, garlic, garam masala, ginger, and cayenne pepper together in a medium bowl until smooth, then stir in food coloring.', 'Spread yogurt mixture over chicken, cover, and refrigerate for 6 to 24 hours (the longer the better).', 'When ready to cook, preheat an outdoor grill for medium-high heat and lightly oil the grate. Remove chicken from marinade. Discard remaining marinade.', 'Cook chicken on the preheated grill until no longer pink and the juices run clear. An instant-read thermometer inserted near the bone should read 165 degrees F (74 degrees C).', 'Garnish with cilantro and lemon wedges.']","['356 Calories', '19g Fat', '14g Carbs', '36g Protein']"
https://www.allrecipes.com/recipe/141169/easy-indian-butter-chicken/,Easy Indian Butter Chicken,4.7,mn,15 mins,45 mins,,,1 hr,,6,"['1 cup butter, divided', '1 onion, minced', '1 tablespoon minced garlic', '1 (15 ounce) can tomato sauce', '3 cups heavy cream', '2 teaspoons salt', '1 teaspoon cayenne pepper', '1 teaspoon garam masala', '1 ½ pounds skinless, boneless chicken breast, cut into bite-sized chunks', '2 tablespoons vegetable oil', '2 tablespoons tandoori masala']","['Gather all ingredients. Preheat the oven to 375 degrees F (190 degrees C).', 'Melt 2 tablespoons butter in a skillet over medium heat. Stir in onion and garlic, and cook slowly until the onion caramelizes to a dark brown, about 15 minutes.', 'Meanwhile, combine cream, tomato sauce, remaining butter, salt, cayenne pepper, and garam masala in a saucepan over medium-high heat; bring to a simmer.', 'Reduce heat to medium-low, cover, and simmer, stirring occasionally, for 30 minutes. Stir in caramelized onions.', 'While the sauce is simmering, toss chicken with vegetable oil until coated. Season with tandoori masala and spread out onto a baking sheet.', 'Bake chicken in the preheated oven until no longer pink in the center, about 12 minutes.', 'Add cooked chicken to the sauce and simmer for 5 minutes before serving.']","['880 Calories', '82g Fat', '13g Carbs', '26g Protein']"
https://www.allrecipes.com/recipe/46822/indian-chicken-curry-ii/,Indian Chicken Curry,4.5,Allrecipes Test Kitchen,20 mins,25 mins,,,45 mins,,4,"['3 tablespoons olive oil', '1 small onion, chopped', '2 cloves garlic, minced', '3 tablespoons curry powder', '1 teaspoon ground cinnamon', '1 teaspoon paprika', '1 bay leaf', '½ teaspoon grated fresh ginger root', '½ teaspoon white sugar', 'salt to taste', '2 skinless, boneless chicken breast halves - cut into bite-size pieces', '1 tablespoon tomato paste', '1 cup plain yogurt', '¾ cup coconut milk', '½ lemon, juiced', '½ teaspoon cayenne pepper']","['Heat olive oil in a skillet over medium heat. Sauté onion until lightly browned.', 'Stir in garlic, curry powder, cinnamon, paprika, bay leaf, ginger, sugar, and salt. Continue stirring for 2 minutes.', 'Add chicken pieces, tomato paste, yogurt, and coconut milk. Bring to a boil, reduce heat, and simmer for 20 to 25 minutes.', 'Remove bay leaf, and stir in lemon juice and cayenne pepper. Simmer 5 more minutes.', 'Serve hot and enjoy!']","['349 Calories', '23g Fat', '14g Carbs', '24g Protein']"
https://www.allrecipes.com/recipe/45957/chicken-makhani-indian-butter-chicken/,Chicken Makhani (Indian Butter Chicken),4.5,Allrecipes Test Kitchen,10 mins,25 mins,,,35 mins,,4,"['2 tablespoons peanut oil, divided', '1 shallot, finely chopped', '¼ white onion, chopped', '2 tablespoons butter', '1 tablespoon ginger garlic paste', '2 teaspoons lemon juice', '2 teaspoons garam masala, divided', '1 teaspoon chili powder', '1 teaspoon ground cumin', '1 bay leaf', '1 cup tomato puree', '1 cup half-and-half', '¼ cup plain yogurt', '1 pinch salt and ground black pepper to taste', '1 pound boneless, skinless chicken thighs, cut into bite-size pieces', '¼ teaspoon cayenne pepper, or to taste', '1 tablespoon cornstarch', '¼ cup water']","['Heat 1 tablespoon oil in a large saucepan over medium-high heat. Sauté shallot and onion until soft and translucent, about 5 minutes.', 'Stir in butter, ginger-garlic paste, lemon juice, 1 teaspoon garam masala, chili powder, cumin, and bay leaf. Cook and stir for 1 minute. Add tomato sauce, and cook for 2 minutes, continuing to frequently stir.', 'Stir in half-and-half and yogurt. Reduce heat to low, and simmer for 10 minutes, frequently stirring. Season with salt and pepper. Remove from heat and set aside.', 'Heat remaining 1 tablespoon oil in a large heavy skillet over medium heat. Cook chicken until lightly browned, about 10 minutes.', 'Reduce heat, and season with remaining 1 teaspoon garam masala and cayenne. Stir in a few spoonfuls of sauce, and simmer until liquid has reduced, and chicken is no longer pink. Add cooked chicken into sauce and stir together.', 'Dissolve cornstarch into water, then mix into the sauce. Cook for 5 to 10 minutes, or until thickened.', 'Serve over rice with naan.']","['408 Calories', '28g Fat', '16g Carbs', '23g Protein']"
https://www.allrecipes.com/recipe/45736/chicken-tikka-masala/,Chicken Tikka Masala,4.4,Yakuta,30 mins,50 mins,,,2 hrs 20 mins,1 hr,4,"['1 cup yogurt', '1 tablespoon lemon juice', '4 teaspoons ground cumin, divided', '1 teaspoon ground cinnamon', '2 teaspoons cayenne pepper', '2 teaspoons freshly ground black pepper', '1 tablespoon minced fresh ginger', '2 teaspoons salt, divided, or more to taste', '3 boneless skinless chicken breasts, cut into bite-size pieces', '4 long skewers', '1 tablespoon butter', '1 clove garlic, minced', '1 jalapeno pepper, finely chopped', '2 teaspoons paprika', '1 (8 ounce) can tomato sauce', '1 cup heavy cream', '¼ cup chopped fresh cilantro']","['Gather all ingredients.', 'Combine yogurt, lemon juice, 2 teaspoons cumin, cinnamon, cayenne, black pepper, ginger, and 1 teaspoon salt in a large bowl.', 'Stir in chicken, cover, and refrigerate for 1 hour.', 'Preheat a grill for high heat. Lightly oil the grill grate. Thread chicken onto skewers, and discard marinade.', 'Grill until juices run clear, about 5 minutes on each side.', 'Melt butter in a large heavy skillet over medium heat. Sauté garlic and jalapeño for 1 minute. Season with remaining 2 teaspoons cumin, paprika, and remaining 1 teaspoon salt. Stir in tomato sauce and cream. Simmer on low heat until sauce thickens, about 20 minutes.', 'Add grilled chicken, and simmer for 10 minutes.', 'Transfer to a serving platter, and garnish with fresh cilantro. Serve over rice.']","['404 Calories', '29g Fat', '13g Carbs', '25g Protein']"
https://www.allrecipes.com/recipe/228293/curry-stand-chicken-tikka-masala-sauce/,Curry Stand Chicken Tikka Masala Sauce,4.9,Allrecipes Test Kitchen,15 mins,1 hr 5 mins,,,1 hr 20 mins,,6,"['2 tablespoons ghee (clarified butter)', '1 onion, finely chopped', '4 cloves garlic, minced', '1 tablespoon ground cumin', '1 teaspoon salt, or more to taste (Optional)', '1 teaspoon ground ginger', '1 teaspoon cayenne pepper', '½ teaspoon ground cinnamon', '¼ teaspoon ground turmeric', '1 (14 ounce) can tomato sauce', '1 cup heavy whipping cream', '1 tablespoon white sugar, or more to taste (Optional)', '2 teaspoons paprika', '1 tablespoon vegetable oil', '4 skinless, boneless chicken breast halves, cut into bite-size pieces', '½ teaspoon curry powder']","['Gather all ingredients.', 'Heat ghee in a large skillet over medium heat. Add onion; cook and stir until translucent, about 5 minutes.', 'Stir in garlic; cook and stir just until fragrant, about 1 minute. Stir cumin, 1 teaspoon salt, ginger, cayenne pepper, cinnamon, and turmeric into onion mixture; fry until fragrant, about 2 minutes.', 'Stir tomato sauce into onion and spice mixture; bring to a boil and reduce heat to low.', 'Simmer sauce for 10 minutes, then mix in cream, 1 tablespoon sugar, and paprika. Bring sauce back to a simmer and cook, stirring often, until sauce is thickened, 10 to 15 minutes.', 'Heat vegetable oil in a separate skillet over medium heat. Stir chicken into hot oil; add curry powder. Sear chicken until lightly browned but still pink inside, about 3 minutes; stir often.', 'Transfer chicken and any pan juices into sauce. Simmer chicken in sauce until no longer pink, about 30 minutes; adjust sugar and salt to taste.']","['362 Calories', '25g Fat', '9g Carbs', '28g Protein']"
https://www.allrecipes.com/recipe/16102/chicken-biryani/,Chicken Biryani,4.3,Allrecipes Test Kitchen,30 mins,1 hr 20 mins,,,1 hr 50 mins,,6,"['4 tablespoons vegetable oil, divided', '4 small potatoes, peeled and halved', '2 large onions, finely chopped', '2 cloves garlic, minced', '1 tablespoon minced fresh ginger root', '2 medium tomatoes, peeled and chopped', '1 teaspoon salt', '1 teaspoon ground cumin', '½ teaspoon chili powder', '½ teaspoon ground black pepper', '½ teaspoon ground turmeric', '2 tablespoons plain yogurt', '2 tablespoons chopped fresh mint leaves', '½ teaspoon ground cardamom', '1 (2 inch) piece cinnamon stick', '3 pounds boneless, skinless chicken pieces cut into chunks', '1 pound basmati rice', '2 ½ tablespoons vegetable oil', '1 large onion, diced', '5 pods cardamom', '3 whole cloves', '1 (1 inch) piece cinnamon stick', '½ teaspoon ground ginger', '1 pinch powdered saffron', '4 cups chicken stock', '1 ½ teaspoons salt']","['Gather all ingredients.', 'Heat 2 tablespoons of oil in a large skillet. Fry potatoes in hot oil until lightly browned, about 3 to 5 minutes. Remove to a paper towel-lined plate to drain; set aside.', 'Add remaining 2 tablespoons of oil to the skillet. Add onions, garlic, and fresh ginger; cook and stir until onion is soft and golden. Add tomatoes, salt, cumin, chili powder, pepper, and turmeric; cook, stirring constantly, for 5 minutes.', 'Stir in yogurt, mint, ground cardamom, and cinnamon stick. Cover and cook over low heat, stirring occasionally, until tomatoes are cooked to a pulp. It may be necessary to add a little hot water if mixture becomes too dry and starts to stick to the pan.', 'Add chicken and stir well to coat. Cover and cook over very low heat until chicken is tender, 35 to 45 minutes. There should only be a little very thick gravy left when chicken is finished cooking. If necessary cook uncovered for a few minutes to reduce the gravy.', 'Meanwhile, make the rice: Wash rice well and drain in a colander for at least 30 minutes.', 'Heat oil in a large skillet. Add onion; cook and stir until golden. Add cardamom pods, cloves, cinnamon stick, ground ginger, and saffron; stir in rice until coated with spices.', 'Heat stock and salt in a medium pot until hot; pour over rice and stir well.', 'Add chicken mixture and potatoes; stir gently to combine. Bring to a boil.', 'Reduce heat to very low, cover with a tight-fitting lid, and steam for 20 minutes without lifting the lid or stirring.', 'Spoon biryani onto a warm serving dish.']","['832 Calories', '35g Fat', '79g Carbs', '48g Protein']"
https://www.allrecipes.com/recipe/239867/chef-johns-chicken-tikka-masala/,Chef John's Chicken Tikka Masala,4.8,John Mitzewich,25 mins,45 mins,,,1 hr 10 mins,,4,"['1 ½ pounds skinless, boneless chicken thighs', '1 tablespoon vegetable oil', '2 teaspoons kosher salt', '2 teaspoons garam masala', '2 teaspoons ground cumin', '1 teaspoon ground coriander', '1 teaspoon smoked paprika', '1 teaspoon ground turmeric', '½ teaspoon ground black pepper', '¼ teaspoon cayenne pepper', '⅛ teaspoon ground cardamom', '2 tablespoons clarified butter (ghee), or more as needed', '1 onion, chopped', '¼ cup tomato paste', '4 cloves garlic, finely grated', '1 tablespoon finely grated ginger, or more to taste', '1 cup crushed tomatoes', '1 (13 ounce) can coconut milk', '½ cup chicken broth, or as needed', '2 tablespoons chopped fresh cilantro', '½ teaspoon red pepper flakes', 'salt and ground black pepper to taste']","['Gather all ingredients. Place chicken in a bowl. Drizzle vegetable oil over chicken; toss to coat.', 'Whisk together salt, garam masala, cumin, coriander, paprika, turmeric, black pepper, cayenne pepper, and cardamom in a small bowl. Sprinkle over chicken and turn to coat evenly.', 'Melt clarified butter in a large, heavy skillet over high heat. Cook chicken thighs in hot butter until browned on all sides, 5 to 10 minutes. Transfer chicken to a plate. When cool enough to handle, cut chicken into bite-sized pieces.', 'Make sauce: Place the skillet with chicken drippings over medium-high heat. Stir onion into the skillet; sauté until onion softens and turns translucent, 5 to 6 minutes. Stir in tomato paste and cook until paste caramelizes, about 5 minutes. Stir garlic and ginger into tomato-onion mixture; cook until fragrant, about 1 minute.', 'Pour crushed tomatoes into the skillet. Bring to a boil while scraping the browned bits of food off of the bottom of the skillet with a wooden spoon. Pour in coconut milk and chicken broth; bring to a simmer, reduce heat to medium-low, and cook, stirring occasionally, until flavors blend and sauce is slightly reduced, about 15 minutes.', 'Stir chicken and any accumulated juices into sauce. Add cilantro and red pepper flakes; bring to a simmer, reduce heat to medium-low, and cook until chicken is cooked through and tender, 10 to 15 minutes. Season with salt and black pepper.']","['625 Calories', '48g Fat', '19g Carbs', '34g Protein']"
https://www.allrecipes.com/recipe/215021/chicken-saag/,Chicken Saag,4.5,Allrecipes Test Kitchen,30 mins,1 hr 15 mins,,,1 hr 45 mins,,6,"['¼ cup vegetable oil', '1 (3 pound) whole chicken, cut into pieces', '2 pounds fresh spinach, rinsed and chopped', '¼ cup water', '2 large onions, minced', '5 cloves garlic, minced', '1 (1 inch) piece fresh ginger root, minced', '1 (14.5 ounce) can crushed tomatoes', '1 teaspoon ground coriander', '1 teaspoon salt', '½ teaspoon cayenne pepper, or more to taste', '½ teaspoon ground turmeric', '2 cardamom pods', '2 whole cloves', '1 tablespoon water, if needed', '¼ cup milk', '1 teaspoon garam masala', '6 tablespoons sour cream', '2 tablespoons butter']","['Heat oil in a large skillet over medium heat; add chicken pieces and cook until browned, about 8 minutes per side. Set chicken aside.', 'Place spinach into a large pot with 1/4 cup of water; bring to a boil, cover, and remove from heat. Allow spinach to steam for about 10 minutes; transfer into a blender and pulse until very finely chopped. Set spinach aside.', 'Place onions, garlic, and ginger into the skillet; fry over medium heat, stirring frequently, until lightly browned, about 10 minutes. Pour in tomatoes, ground coriander, salt, cayenne pepper, turmeric, cardamom, and cloves; stir in 1 tablespoon water, and cook, stirring frequently, for 10 minutes.', 'Pour in milk and stir to combine. Add browned chicken pieces; bring to a simmer, reduce heat, cover, and simmer until chicken is tender, about 20 minutes. Stir in spinach and garam masala; cook until spinach starts to stick to the skillet, about 15 minutes.', 'Stir in sour cream and bring to a simmer. Remove from heat and stir in butter.']","['450 Calories', '26g Fat', '18g Carbs', '39g Protein']"
https://www.allrecipes.com/recipe/228446/authentic-chicken-tikka-masala/,Authentic Chicken Tikka Masala,4.7,,35 mins,55 mins,,,3 hrs 30 mins,2 hrs,4,"['¼ cup plain yogurt', '2 teaspoons garam masala', '2 teaspoons paprika', '½ teaspoon freshly ground black pepper', '½ teaspoon salt', '½ teaspoon cayenne pepper', '½ teaspoon ground coriander', '1 pound skinless, boneless chicken breast - cut into 1-inch strips', '3 tablespoons vegetable oil', '1 teaspoon cumin seeds', '1 large onion, chopped', '2 green chile peppers, minced', '3 cloves garlic, minced', '1 tablespoon grated fresh ginger', '2 medium Roma tomatoes, diced', '½ cup tomato paste', '¼ cup water', '1 teaspoon garam masala', '½ teaspoon ground coriander', '½ teaspoon ground turmeric', '½ teaspoon salt, or to taste', '½ cup heavy whipping cream', '½ bunch fresh cilantro, chopped']","['Make the chicken: Combine yogurt, garam masala, paprika, black pepper, salt, cayenne pepper, and coriander in a large bowl. Add chicken strips and toss to coat. Cover and marinate in the refrigerator for 2 hours.', 'Preheat the oven to 450 degrees F (230 degrees C). Grease a rimmed baking sheet.', 'Remove chicken from marinade and place onto the prepared baking sheet, leaving space between each piece.', 'Bake in the preheated oven until browned and no longer pink inside, about 10 minutes. An instant-read thermometer inserted into the center should read at least 165 degrees F (74 degrees C). Remove from the oven and set aside.', 'Make the sauce: Heat oil in a large skillet over medium heat. Add cumin seeds and cook, sirring gently, until lightly toasted and aromatic, about 3 minutes. Add onion; cook and stir until onion begins to soften, 4 to 5 minutes. Add chile peppers, garlic, and ginger; continue to cook and stir until onion is browned, 15 to 20 minutes. Stir in tomatoes, tomato paste, and water; cook, stirring occasionally, until tomatoes begin to break down, about 10 minutes.', 'Add garam masala, coriander, turmeric, and salt, then stir in chicken and cream until well combined; cover and simmer for 10 minutes. Garnish with cilantro.']","['403 Calories', '25g Fat', '21g Carbs', '27g Protein']"
https://www.allrecipes.com/recipe/150340/punjabi-chicken-in-thick-gravy/,Punjabi Chicken in Thick Gravy,4.3,,25 mins,1 hr,,,1 hr 25 mins,,8,"['2 tablespoons vegetable oil', '2 tablespoons ghee (clarified butter)', '1 teaspoon cumin seeds', '1 onion, finely chopped', '5 cloves garlic, minced', '2 tablespoons minced fresh ginger root', '1 cup water', '1 small tomato, coarsely chopped', '1 serrano chile pepper, seeded and minced', '1 tablespoon tomato paste', '1 tablespoon garam masala', '1 tablespoon ground turmeric', '1 teaspoon salt, or to taste', '8 chicken legs, skin removed', '¼ cup chopped fresh cilantro']","['Heat oil and ghee in a large pot over medium heat. Cook cumin seeds in hot oil-ghee mixture until seeds begin to change color.', 'Stir in onion; cook and stir until onion has softened and turned translucent, about 5 minutes. Add garlic and ginger; continue cooking until onions are browned, about 5 minutes more.', 'Mix in water, tomato, serrano pepper, tomato paste, garam masala, turmeric, and salt; simmer for 5 minutes. Lay chicken into sauce; mix gently to coat. Cover, reduce heat to medium-low, and cook until chicken is no longer pink near the bone, about 40 minutes. Garnish with cilantro to serve.']","['325 Calories', '22g Fat', '4g Carbs', '28g Protein']"
https://www.allrecipes.com/recipe/270885/creamy-cashew-chicken-curry/,Creamy Cashew Chicken Curry,4.9,John Mitzewich,20 mins,30 mins,,,4 hrs 50 mins,4 hrs,8,"['2 teaspoons kosher salt, or more to taste', '2 teaspoons paprika', '2 teaspoons garam masala', '1 ½ teaspoons ground cumin', '1 teaspoon ground coriander', '½ teaspoon cayenne pepper', '½ teaspoon ground turmeric', '2 pounds boneless, skinless chicken thighs', '1 tablespoon vegetable oil', '2 tablespoons butter, divided', '1 yellow onion, chopped', '4 garlic cloves, minced', '2 tablespoons tomato paste', '1 tablespoon minced fresh ginger root', '1 cup chicken broth', '2 cups cold water', '¾ cup whole roasted cashews', '⅓ cup sliced green onions', '⅓ cup freshly chopped cilantro', '1 lime, juiced']","['Mix salt, paprika, garam masala, cumin, coriander, cayenne, and turmeric together in a small bowl. Set spice mix aside.', 'Cut one chicken thigh in half lengthwise along the crease. Halve the thicker portion to end up with three 2-inch pieces. Repeat with the remaining chicken thighs.', 'Transfer chicken to a bowl. Add oil and about 1/2 of the spice blend; mix thoroughly. Cover with plastic wrap and marinate in the refrigerator for 4 to 12 hours.', 'When ready to cook, heat 1 tablespoon butter in a large pan over high heat until melted and golden brown. Add chicken in a single layer and cook until browned, 4 to 5 minutes per side. Return chicken and any accumulated juices to the bowl.', 'Heat remaining butter in the same pan over medium-high heat. Add onion, garlic, tomato paste, ginger, and the remaining spice blend. Cook and stir until fragrant, 2 to 3 minutes. Pour in chicken broth and bring to a simmer. Add chicken and any accumulated juices.', 'Combine water and cashews in a blender; blend on high speed until very smooth, then stir into the pan. Reduce the heat to medium and simmer until flavors blend, 15 to 20 minutes. Stir in green onions and cilantro; taste for seasoning. Squeeze in lime juice.']","['287 Calories', '19g Fat', '9g Carbs', '22g Protein']"
https://www.allrecipes.com/recipe/215055/bengali-chicken-curry-with-potatoes/,Bengali Chicken Curry with Potatoes,4.2,,25 mins,1 hr,,,1 hr 25 mins,,4,"['2 tablespoons olive oil', '2 large onions, diced', '1 tablespoon ginger-garlic paste', '2 large tomatoes, diced', '1 teaspoon cayenne pepper, or more to taste', '1 teaspoon curry powder', '1 teaspoon garam masala', '1 teaspoon ground turmeric', '1 teaspoon ground cumin', '4 skinless, boneless chicken breast halves - cut into bite-size pieces', '2 large red-skinned potatoes, chopped', '½ cup fresh cilantro']","['Heat the olive oil in a large skillet over medium-high heat. Cook and stir the onions in the hot oil until translucent, about 5 minutes. Add the ginger-garlic paste and continue cooking another 5 minutes. Reduce heat to medium; stir the tomatoes into the mixture and cook until the tomatoes are pulpy, 5 to 10 minutes. Season with the cayenne pepper, curry powder, garam masala, turmeric, and cumin; cook and stir another 5 minutes.', 'Add the chicken and potatoes to the mixture in the skillet; simmer, stirring occasionally, until the potatoes are tender and the chicken is no longer pink in the center, about 20 minutes. Sprinkle the cilantro over the mixture and continue simmering another 10 minutes. Serve hot.']","['368 Calories', '10g Fat', '42g Carbs', '28g Protein']"
https://www.allrecipes.com/recipe/212722/murgh-makhani-indian-butter-chicken/,Murgh Makhani (Indian Butter Chicken),4.9,,25 mins,35 mins,,,2 hrs,1 hr,4,"['⅓ cup plain nonfat yogurt', '1 tablespoon tandoori masala powder', '1 ½ pounds boneless, skinless chicken thighs, cut into 1-inch pieces', '½ onion, chopped', '1 (1 inch) piece fresh ginger', '2 tablespoons water', '1 clove garlic', '3 tablespoons cooking oil, divided', '2 teaspoons garam masala', '¼ teaspoon Indian chili powder', '1 cup tomato sauce', '1 cup half-and-half', '2 tablespoons butter', '1 teaspoon dried fenugreek leaves', '1 teaspoon salt']","['Stir yogurt and tandoori masala powder in a large bowl until combined; add chicken and toss to coat. Marinate in the refrigerator for 1 hour. Drain and discard excess marinade.', 'Puree onion, ginger, water, and garlic in a blender until it forms a smooth paste; set aside.', 'Heat 1 tablespoon oil in a large skillet over medium heat. Add chicken and cook until lightly brown, about 5 minutes. Remove from the skillet and set aside.', 'Heat remaining 2 tablespoons oil in the same skillet. Fry onion paste until moisture is mostly evaporated, about 3 minutes. Sprinkle garam masala and chili powder over mixture; cook for 1 minute more. Add tomato sauce, reduce heat to medium-low, and cook another 5 minutes.', 'Return chicken to the skillet. Add half-and-half and bring to a boil. Add butter, fenugreek leaves, and salt; reduce heat to low and simmer, uncovered, until chicken is no longer pink in the middle, 15 to 20 minutes.']","['474 Calories', '30g Fat', '13g Carbs', '38g Protein']"
https://www.allrecipes.com/recipe/267615/chicken-65/,Chicken 65,4.8,,30 mins,15 mins,,,45 mins,,4,"['1 pound skinless, boneless chicken breasts, cut into 3/4-inch pieces', '1 egg, beaten', '2 tablespoons cornstarch', '1 ½ tablespoons minced garlic, divided', '1 tablespoon minced ginger, divided', '2 teaspoons salt', '½ teaspoon ground black pepper', 'vegetable oil for frying', '2 tablespoons vegetable oil', '1 teaspoon cumin seeds', '2 serrano peppers, sliced into 1/4-inch pieces', '2 tablespoons cumin powder', '1 tablespoon chile powder, or less to taste', '½ teaspoon ground black pepper', 'salt to taste', '6 fresh curry leaves, or more to taste', '1 ½ tablespoons red chile-garlic paste', '1 tablespoon ginger paste', '5 drops red food coloring, or more as needed', '½ cup water', '¾ cup chopped fresh cilantro']","['Place chicken in a medium bowl. Add egg, cornstarch, 1/2 of the minced garlic, 1/2 of the minced ginger, salt, and 1/2 teaspoon black pepper. Mix until chicken is completely coated.', 'Heat oil in a deep skillet and fry chicken pieces until no longer pink in the center and the juices run clear, 7 to 10 minutes. An instant-read thermometer inserted into the center should read at least 165 degrees F (74 degrees C). Set fried chicken aside.', 'Heat 2 tablespoons oil in a second skillet over medium heat. Add cumin seeds and cook until crackling, about 1 minute. Add remaining garlic, remaining ginger, serrano peppers, cumin, chile powder, 1/2 teaspoon black pepper, and salt. Add curry leaves and stir to combine. Add chile-garlic paste, ginger paste, and red food coloring. Stir to create a paste. Add water to thin paste slightly.', 'Add fried chicken to the the skillet and toss to coat thoroughly. Stir in cilantro.']","['316 Calories', '17g Fat', '13g Carbs', '27g Protein']"
https://www.allrecipes.com/recipe/17449/indian-tomato-chicken/,Indian Tomato Chicken,4.5,,15 mins,2 hrs,,,2 hrs 15 mins,,6,"['1 large onion, chopped', '4 cloves garlic, chopped', '1 slice fresh ginger root', '1 tablespoon olive oil', '2 teaspoons ground cumin', '1 teaspoon ground turmeric', '1 teaspoon salt', '1 teaspoon ground black pepper', '½ teaspoon ground cardamom', '1 (1 inch) piece cinnamon stick', '¼ teaspoon ground cloves', '2 bay leaves', '¼ teaspoon ground nutmeg', '6 skinless chicken thighs', '1 (14.5 ounce) can whole peeled tomatoes, crushed']","['Place onion, garlic and ginger in a food processor and process into a paste. Heat oil in a large skillet over medium heat, add onion paste and saute, stirring continuously, for about 10 minutes.', 'Stir in the cumin, turmeric, salt, pepper, cardamom, cinnamon, cloves, bay leaves and nutmeg. Saute, stirring, for 1 to 2 minutes. Place chicken pieces in skillet and stir them around with the spice mixture until they are well coated.', 'Saute for another 4 minutes, then pour in the tomatoes with liquid and stir. Reduce heat to low and simmer for 1 to 2 hours, or until the oil has separated from the liquid. Stir occasionally. (Note: If you simmer uncovered, the sauce will thicken; add water, or keep covered while simmering.)']","['134 Calories', '5g Fat', '7g Carbs', '15g Protein']"
https://www.allrecipes.com/gallery/butter-chicken-recipes/,8 Favorite Indian Butter Chicken Recipes,,Ita Mac Airt,,,,,,,,[],[],[]
https://www.allrecipes.com/recipe/80683/traditional-chicken-curry/,Traditional Chicken Curry,4.1,,20 mins,45 mins,,,1 hr 5 mins,,6,"['1 pound skinless, boneless chicken breast halves - cut into bite-size pieces', '1 tablespoon fresh lemon juice', 'salt and pepper to taste', '3 tablespoons olive oil', '1 teaspoon cumin seed', '1 large onion, finely chopped', '2 cloves garlic, minced', '1 teaspoon minced fresh ginger', '1 (8 ounce) can peeled, chopped tomatoes', '1 teaspoon chili powder', '½ teaspoon ground turmeric', '1 teaspoon garam masala', '½ teaspoon ground cumin', '1 pinch ground coriander', '½ teaspoon paprika', '3 tablespoons plain yogurt', '2 medium potatoes, peeled and cut into 1 inch cubes', '1 ½ cups water', '1 (5.5 ounce) can tomato juice', 'fresh chopped cilantro, for garnish']","['In a large bowl, toss the chicken pieces with lemon juice, salt, and pepper to coat. Set aside.', 'Heat oil in a large, heavy saucepan over medium heat. Stir in cumin seed and cook 1 minute, until lightly toasted. Mix in onion, garlic, and ginger. Cook until onion is tender. Add tomatoes, and season with chili powder, turmeric, garam masala, ground cumin, coriander, and paprika. Continue to cook and stir 2 minutes.', 'Mix yogurt into the saucepan until well blended. Add chicken pieces, and potatoes. Mix in water and tomato juice. Reduce heat to medium-low. Cover and simmer about 40 minutes. Adjust seasonings to taste and garnish with fresh cilantro before serving.']","['234 Calories', '9g Fat', '20g Carbs', '19g Protein']"
https://www.allrecipes.com/recipe/245126/chicken-cauliflower-korma/,Chicken Cauliflower Korma,4.7,,15 mins,30 mins,,,45 mins,,6,"['2 tablespoons ghee (clarified butter)', '1 onion, diced', '4 cloves garlic, minced', '1 ½ tablespoons curry powder', '2 ½ teaspoons ground cumin', '2 teaspoons minced fresh ginger root', '1 ½ teaspoons salt', '1 ¼ teaspoons ground turmeric', '¾ teaspoon ground cardamom', '¼ teaspoon ground cinnamon', '¼ teaspoon cayenne pepper', '⅛ teaspoon ground nutmeg', '2 skinless, boneless chicken breast halves - cubed', '3 carrots, cubed', '1 (14 ounce) can coconut milk', '¼ cup ground cashews', '2 tablespoons tomato paste', '1 head cauliflower, chopped', '1 cup frozen peas', '1 red bell pepper, chopped', '½ cup heavy whipping cream (Optional)']","['Heat ghee in a large pot over medium heat; cook and stir onion until tender, about 5 minutes. Stir garlic, curry powder, cumin, ginger, salt, turmeric, cardamom, cinnamon, cayenne pepper, and nutmeg into onion; cook and stir until fragrant, about 1 minute.', 'Stir chicken into onion mixture; cook for 2 minutes. Stir carrots, coconut milk, cashews, and tomato paste into chicken mixture; simmer for 5 minutes. Stir cauliflower into chicken mixture; simmer, covered, until vegetables are tender and chicken is cooked through, about 5 minutes.', 'Stir peas, red bell pepper, and cream into chicken mixture; reduce heat to low, cover, and simmer until heated through, about 10 minutes.']","['402 Calories', '30g Fat', '24g Carbs', '15g Protein']"
https://www.allrecipes.com/recipe/262560/instant-pot-indian-chicken-curry/,Instant Pot Indian Chicken Curry,4.8,,10 mins,35 mins,,,55 mins,10 mins,6,"['3 tablespoons butter', '1 yellow onion, chopped', '1 tablespoon minced garlic', '1 tablespoon minced fresh ginger root', '1 pound boneless, skinless chicken breast, trimmed and cut into 1-inch pieces', '2 tablespoons tomato sauce', '1 ½ tablespoons ground coriander', '¾ tablespoon Indian chili powder', '1 ½ teaspoons salt', '1 teaspoon garam masala', '¾ teaspoon ground turmeric', '¾ teaspoon ground black pepper', '¼ teaspoon ground cumin', '1 bay leaf']","['Turn on a multi-functional pressure cooker (such as Instant Pot) and select the Sauté function. Add butter; cook until melted. Add onion; cook until soft and translucent, about 3 minutes. Add garlic and ginger; cook until fragrant, about 1 minute. Add chicken; cook until golden, about 5 minutes. Add tomato sauce, coriander, chili powder, salt, garam masala, turmeric, black pepper, cumin, and bay leaf.', ""Close and lock the lid. Select the poultry setting, set the timer for 15 minutes, and cook according to manufacturer's instructions. Allow 10 to 15 minutes for pressure to build."", ""Release pressure using the natural-release method according to manufacturer's instructions, 10 to 40 minutes.""]","['160 Calories', '8g Fat', '6g Carbs', '16g Protein']"
https://www.allrecipes.com/recipe/262622/indian-chicken-tikka-masala/,Indian Chicken Tikka Masala,4.3,,20 mins,25 mins,,,45 mins,,4,"['1 (14.5 ounce) can chopped tomatoes', '4 tablespoons plain yogurt', '2 cloves garlic, roughly chopped', '1 (1 inch) piece ginger, coarsely chopped', '2 tablespoons vegetable oil', '1 onion, chopped', '2 tablespoons masala curry paste', '4 skinless, boneless chicken breasts, cut into 1-inch pieces', 'salt and freshly ground black pepper to taste', '¼ cup water', '1 tablespoon all-purpose flour', '3 tablespoons chopped fresh cilantro']","['Combine tomatoes, yogurt, garlic, and ginger in a blender and process until smooth.', 'Heat oil in a large frying pan over medium heat. Add onion and fry until soft, 3 to 4 minutes, stirring constantly. Stir in curry paste and fry until fragrant, 1 minute more, stirring once or twice. Add the tomato mixture and chicken to the pan and mix together. Season with salt and pepper. Remove pan from heat.', 'Mix water and flour together in a bowl. Stir into the chicken mixture in the frying pan. Return pan to the heat and bring to a boil, stirring constantly, about 5 minutes. Reduce heat to low, cover, and cook until thickened, about 15 minutes more. Sprinkle with cilantro and serve immediately.']","['252 Calories', '10g Fat', '14g Carbs', '26g Protein']"
https://www.allrecipes.com/recipe/262273/slow-cooker-chicken-jalfrezi/,Slow Cooker Chicken Jalfrezi,4.3,,15 mins,6 hrs 5 mins,,,6 hrs 20 mins,,4,"['4 boneless, skinless chicken breasts, cubed', '2 tablespoons all-purpose flour', '1 tablespoon oil', '1 (14 ounce) can tomato sauce', '1 large onion, coarsely chopped', '1 large green bell pepper, chopped', '2 fresh green chile peppers, chopped', '2 fresh red chile peppers (Optional)', '2 ½ teaspoons curry powder', '2 teaspoons garam masala', '1 teaspoon ground coriander', '1 teaspoon ground cumin', '2 cloves garlic, coarsely chopped', '½ teaspoon ground red chile pepper']","['Dust chicken with flour in a bowl.', 'Heat oil in a large skillet and cook chicken pieces until lightly browned, about 5 minutes. Place in a slow cooker. Add tomato sauce, onion, bell pepper, green chile peppers, red chile peppers, curry powder, garam masala, coriander, cumin, garlic, and chile powder. Stir to combine.', 'Cook on Low until chicken is no longer pink at the center, about 6 hours.']","['266 Calories', '8g Fat', '21g Carbs', '29g Protein']"
https://www.allrecipes.com/recipe/86828/grilled-chicken-thighs-tandoori/,Grilled Tandoori Chicken Thighs,4.5,Allrecipes Test Kitchen,10 mins,45 mins,,,8 hrs 55 mins,8 hrs,8,"['2 (6 ounce) containers plain yogurt', '2 teaspoons kosher salt', '2 tablespoons freshly grated ginger', '1 teaspoon black pepper', '½ teaspoon ground cloves', '3 cloves garlic, minced', '4 teaspoons paprika', '2 teaspoons ground cumin', '2 teaspoons ground cinnamon', '2 teaspoons ground coriander', '16 chicken thighs', 'olive oil spray']","['Stir yogurt, salt, ginger, pepper, and cloves together in a bowl. Mix in garlic, paprika, cumin, cinnamon, and coriander. Set aside.', 'Place chicken in a large resealable plastic bag. Pour yogurt mixture over chicken, press air out of the bag, and seal. Turn the bag over several times to distribute marinade. Place the bag in a bowl, and refrigerate 8 hours, or overnight, turning the bag occasionally.', 'Preheat an outdoor grill for direct medium heat and lightly oil the grate.', 'Remove chicken from marinade and shake off excess. Discard remaining marinade. Spray chicken pieces with olive oil spray.', 'Place chicken on the grill, and cook about 2 minutes. Turn, and cook 2 minutes more. Then arrange chicken thighs over indirect heat, and cook until no longer pink at the bone and the juices run clear, about 35 to 40 minutes. An instant-read thermometer inserted near the bone should read 165 degrees F (74 degrees C).']","['349 Calories', '21g Fat', '5g Carbs', '34g Protein']"
https://www.allrecipes.com/recipe/221092/chef-johns-tandoori-chicken/,Chef John's Tandoori Chicken,4.5,John Mitzewich,5 mins,15 mins,,,2 hrs 20 mins,2 hrs,6,"['½ lime, juiced', '1 ½ tablespoons plain yogurt', '1 ½ tablespoons tandoori masala powder', 'salt and freshly ground black pepper to taste', '2 pounds boneless, skinless chicken thighs']","['Whisk lime juice, yogurt, tandoori powder, salt, and pepper in a bowl. Pour mixture into a resealable plastic bag. Add chicken, coat with the marinade, squeeze out excess air, and seal the bag. Marinate in refrigerator for at least 2 hours.', 'Preheat an outdoor grill for medium-high heat, and lightly oil the grate.', 'Remove chicken from the bag and transfer to a plate or baking sheet lined with paper towels. Pat chicken pieces dry with more paper towels.', 'Grill chicken on the preheated grill with the lid open for 2 minutes. Close lid and continue to grill chicken for 6 minutes.', 'Turn chicken, close lid and grill until well-browned and meat is no longer pink in the center, about 6 minutes. An instant-read thermometer inserted into the thickest part of the thigh should read 180 degrees F (82 degrees C).']","['215 Calories', '11g Fat', '2g Carbs', '26g Protein']"
https://www.allrecipes.com/recipe/262233/easy-chicken-madras-recipe/,Easy Chicken Madras Recipe,4.6,,20 mins,1 hr 5 mins,,,1 hr 25 mins,,4,"['2 onions, coarsely chopped', '2 red chile peppers, stemmed and seeded', '1 (2 inch) piece fresh ginger, grated', '2 cloves garlic', '1 splash water, or as needed', 'salt and ground black pepper to taste', '1 tablespoon vegetable oil', '¼ cup Madras curry powder', '4 skinless, boneless chicken breasts, cut into large chunks', '1 (14 ounce) can chopped tomatoes', '½ cup chopped cilantro, or to taste']","['Place onions, chile peppers, ginger, and garlic in a blender with a splash of water. Blend into a smooth paste; season with salt and pepper.', 'Heat oil in a large, high-sided pan over medium heat. Cook paste until slightly browned, about 5 minutes.', 'Heat a small skillet over medium-low heat. Add Madras curry powder; cook and stir until fragrant, 2 to 3 minutes. Mix into the paste.', 'Cook and stir chicken in the spice paste mixture until browned, 5 to 10 minutes. Pour in tomatoes. Fill the tomato can halfway with water and pour in too. Simmer over medium-low heat until liquid is reduced, about 50 minutes. Season with salt and pepper. Scatter cilantro on top.']","['246 Calories', '7g Fat', '21g Carbs', '26g Protein']"
https://www.allrecipes.com/recipe/240337/easy-slow-cooker-chicken-tikka-masala/,Easy Slow Cooker Chicken Tikka Masala,4.3,,15 mins,6 hrs,,,6 hrs 15 mins,,4,"['1 ½ pounds skinless, boneless chicken breasts, cut in bite-sized pieces', '1 (14.5 ounce) can tomato sauce', '1 cup plain yogurt', '1 jalapeño pepper, seeded and minced', '1 tablespoon minced fresh ginger', '1 tablespoon ground cumin', '2 teaspoons garam masala', '2 teaspoons ground black pepper', '2 teaspoons paprika', '1 clove garlic, minced', '1 teaspoon ground cinnamon', '1 teaspoon ground coriander', '1 teaspoon salt', '1 cup heavy whipping cream', '¼ cup chopped fresh cilantro', '1 lemon, juiced']","['Combine chicken, tomato sauce, yogurt, jalapeño, ginger, cumin, garam masala, black pepper, paprika, garlic, cinnamon, coriander, and salt in a slow cooker; cover.', 'Cook on Low for 6 to 8 hours. Stir in cream, cilantro, and lemon juice during last 30 minutes of cooking.']","['456 Calories', '28g Fat', '10g Carbs', '41g Protein']"
https://www.allrecipes.com/recipe/75409/chicken-hariyali-tikka/,Chicken Hariyali Tikka,4.5,,15 mins,20 mins,,,3 hrs 35 mins,3 hrs,4,"['1 cup finely chopped fresh cilantro', '½ cup finely chopped fresh mint leaves', '1 tablespoon ginger garlic paste', '1 tablespoon lemon juice', '1 tablespoon green chile paste', '1 tablespoon salt', '1 pound skinless, boneless chicken breast halves - cut into chunks']","['In a large bowl, grind together the cilantro, mint leaves, ginger garlic paste, lemon juice, green chile paste, and salt. Place the chicken in the bowl, and rub with the mixture. Cover, and refrigerate 2 to 3 hours.', 'Preheat the oven broiler. Lightly grease a baking dish.', 'Place the chicken in the baking dish, and broil 20 minutes, or until chicken juices run clear.']","['147 Calories', '3g Fat', '3g Carbs', '24g Protein']"
https://www.allrecipes.com/recipe/246717/indian-butter-chicken-chicken-makhani/,Butter Chicken (Murgh Makhani),4.8,,20 mins,40 mins,,,1 hr,,4,"['2 teaspoons garam masala', '2 teaspoons tandoori masala powder', '2 teaspoons Madras curry powder', '1 teaspoon ground cumin', '½ teaspoon ground cardamom', '½ teaspoon ground cayenne pepper', 'salt and ground black pepper to taste', '1 ½ pounds boneless, skinless chicken thighs, cut into bite-size pieces', '3 tablespoons butter, divided', '1 yellow onion, chopped', '4 cloves garlic, minced', '1 tablespoon lemon juice', '2 teaspoons chopped fresh ginger', '1 cup tomato puree', '1 cup half-and-half', '¼ cup plain yogurt', '⅓ cup cashews', '1 bunch fresh cilantro, stems removed']","['Gather the ingredients.', 'Make a spice mix by combining garam masala, tandoori masala, curry powder, cumin, cardamom, cayenne, salt, and black pepper in a small bowl; set aside.', 'Place chicken in a large bowl and add 1/2 of the spice mixture; turn to coat evenly.', 'Melt 1 tablespoon butter in a large skillet over medium heat. Add chicken; cook and stir until lightly browned, about 10 minutes. Remove from heat.', 'Melt remaining 2 tablespoons butter in a large saucepan over medium heat. Add onion; cook and stir until soft and translucent, about 5 minutes. Stir in remainder of the spice mixture, garlic, lemon juice, and ginger; cook and stir until combined, about 1 minute.', 'Stir tomato puree into onion mixture and cook, stirring frequently, about 2 minutes. Pour in half-and-half and yogurt. Reduce heat to low and simmer sauce, stirring frequently, about 10 minutes. Remove from heat.', 'Blend cashews in a blender until finely ground. Add sauce to the blender; puree until smooth.', 'Pour blended sauce over chicken in the skillet. Simmer until thickened, 10 to 15 minutes. Garnish with cilantro.']","['552 Calories', '38g Fat', '22g Carbs', '33g Protein']"
https://www.allrecipes.com/recipe/272368/indian-curried-chicken-thighs/,Indian Curried Chicken Thighs,4.8,,20 mins,40 mins,,,1 hr,,5,"['4 skinless, boneless chicken thighs, cubed', 'salt and pepper to taste', '5 tablespoons curry powder', '1 teaspoon paprika', '¾ teaspoon ground cinnamon', '¾ teaspoon ground ginger', '½ teaspoon ground turmeric', '1 small onion, chopped', '2 cloves garlic, minced', '1 bay leaf', '3 tablespoons olive oil', '1 (14 ounce) can coconut milk', '1 (5.3 ounce) container Greek yogurt', '2 tablespoons tomato paste', '1 (16 ounce) canned chickpeas, drained and rinsed', '1 cup frozen peas', '4 tablespoons crushed pineapple', '½ lemon, juiced', '¼ teaspoon cayenne pepper']","['Season cubed chicken with salt and pepper and set aside.', 'Preheat a large dry skillet over medium heat. Add curry powder and toast until lightly browned and fragrant, stirring constantly, 2 to 3 minutes. Add paprika, cinnamon, ginger, and turmeric and roast, stirring constantly, for 1 to 2 minutes. Stir in onion, garlic, and bay leaf. Pour in olive oil and mix to combine.', 'Mix chicken, coconut milk, yogurt, tomato paste, salt, and pepper into the spices in the skillet. Stir well to combine. Mix in chickpeas, peas, and pineapple. Bring mixture to a boil, reduce heat, and simmer for 20 to 25 minutes. Remove bay leaf and stir in lemon juice and cayenne pepper. Simmer for 5 more minutes. Taste and adjust the seasoning to your liking.']","['603 Calories', '39g Fat', '41g Carbs', '28g Protein']"
https://www.allrecipes.com/recipe/38809/chicken-korma/,Chicken Korma,4.4,,20 mins,25 mins,,,45 mins,,2,"['1 tablespoon vegetable oil', '4 (2 inch) cinnamon sticks', '10 whole cloves', '10 cardamom seeds', '1 onion, thinly sliced', '2 cloves garlic, minced', '2 (6 ounce) skinless, boneless chicken breast halves, cubed', '½ teaspoon salt', '½ teaspoon crushed red pepper flakes', '½ teaspoon ground coriander', '½ teaspoon ground cumin', '½ cup tomato sauce', '½ cup warm water', '½ cup buttermilk', '2 tablespoons chopped fresh cilantro or parsley']","['Heat oil in a large skillet over medium heat. Add cinnamon sticks, cloves, and cardamom seeds; cook and stir in hot oil for 1 or 2 minutes. Stir in onion and garlic and cook until soft.', 'Add chicken; cook and stir until golden brown, 5 to 7 minutes.', 'Season with salt, red pepper flakes, coriander, and cumin. Stir in tomato sauce and water; simmer over medium-low heat for 10 minutes.', 'Stir in buttermilk until well combined and heated through, about 5 to 8 minutes; stir in cilantro and serve.']","['336 Calories', '12g Fat', '21g Carbs', '38g Protein']"
https://www.allrecipes.com/recipe/68473/chicken-korma-ii/,Creamy Chicken Korma,4.6,,20 mins,40 mins,,,1 hr,,4,"['¼ cup cashew halves', '¼ cup boiling water', '3 cloves garlic, peeled', '1 (½-inch) piece fresh ginger, peeled and chopped', '3 tablespoons vegetable oil', '2 bay leaves, crumbled', '1 large onion, minced', '1 teaspoon ground coriander', '1 teaspoon garam masala', '1 teaspoon ground cumin', '1 teaspoon ground turmeric', '1 teaspoon chili powder', '3 boneless, skinless chicken breasts, diced', '1 cup chicken broth', '¼ cup tomato sauce', '½ cup heavy cream', '½ cup plain yogurt', '1 teaspoon cornstarch', '1 teaspoon water']","['Cover cashews with ¼ cup boiling water in a small bowl; set aside, for 15 to 20 minutes.', 'Meanwhile, place garlic and ginger in the bowl of a food processor; pulse until smooth. Set aside.', 'Heat oil in a wok over medium heat. Add bay leaves; cook 30 seconds. Stir in onion; cook until soft, 3 to 5 minutes. Stir in garlic-ginger paste, coriander, garam masala, cumin, turmeric, and chili powder; stir in chicken and cook 5 minutes. Add chicken broth and tomato sauce, cover, reduce heat, and simmer for 15 minutes, stirring occasionally.', 'Meanwhile, place cashews, soaking water, heavy cream, and yogurt in the bowl of a food processor; pulse until smooth.', 'Stir cashew mixture into wok; simmer 15 minutes, stirring occasionally. Whisk cornstarch and 1 teaspoon water together; stir into wok and cook, 1 to 2 minutes more.']","['399 Calories', '28g Fat', '14g Carbs', '25g Protein']"
https://www.allrecipes.com/recipe/246561/slow-cooked-chicken-biryani/,Slow-Cooked Chicken Biryani,4.0,,20 mins,2 hrs 10 mins,,,3 hrs,30 mins,8,"['2 ½ cups basmati rice', '4 tablespoons vegetable oil, divided', '4 cinnamon sticks', '12 whole cloves, divided', '4 pods black cardamom', '2 onions, sliced', '2 tablespoons ginger-garlic paste', '¼ cup chopped fresh mint', '3 tablespoons chopped fresh cilantro', '1 ½ pounds boneless chicken breast, cut into 2-inch cubes', '1 teaspoon salt', '¾ cup fat-free yogurt', '4 green chile peppers', '¼ cup lemon juice', '1 tablespoon ground chile pepper', '¼ teaspoon ground turmeric', '10 cups water', '1 tablespoon salt', '1 teaspoon cumin seeds', '2 pod green cardamom', '2 bay leaves']","['Place basmati rice into a large container and cover with several inches of cool water. Let soak for about 30 minutes. Drain.', 'Heat 2 tablespoons oil in a large skillet over medium heat. Add cinnamon sticks, 8 cloves, and 4 black cardamom pods; fry until fragrant, about 1 minute. Add onions; cook and stir until lightly browned, about 5 minutes. Stir in ginger-garlic paste; cook until fragrant, about 1 minute. Sprinkle mint and cilantro on top; cook for 1 more minute.', 'Stir chicken into the skillet; season with 1 teaspoon salt. Cook and stir until chicken is browned, about 20 minutes. Stir in yogurt, green chile peppers, lemon juice, remaining 2 tablespoons oil, ground chile pepper, and turmeric. Cook until oil begins to separate from the sauce, 10 to 20 minutes. Reduce the heat to low.', 'Meanwhile, bring water to a boil in a large pot. Add 1 tablespoon salt, cumin seeds, 2 green cardamom pods, 2 cloves, and bay leaves; boil for 1 minute. Add drained rice. Bring water back up to a boil and cook for 2 minutes. Remove from the heat and drain, reserving whole spices in the rice.', 'Spoon chicken mixture into a slow cooker. Top with partially cooked rice; mix together. Cook on High until rice is tender, about 1 hour 30 minutes.']","['316 Calories', '12g Fat', '22g Carbs', '30g Protein']"
https://www.allrecipes.com/recipe/24782/makhani-chicken-indian-butter-chicken/,Makhani Chicken (Indian Butter Chicken),4.5,,1 hr,35 mins,,,5 hrs 35 mins,4 hrs,6,"['1 ¾ pounds skinless, boneless chicken breast halves - cubed', '3 tablespoons lemon juice, divided', '2 tablespoons chili powder, divided', 'salt to taste', '1 cup yogurt', '2 tablespoons olive oil', '2 tablespoons garlic paste', '2 tablespoons ginger paste', '2 tablespoons melted butter', '1 ½ teaspoons garam masala', '1 tablespoon butter', '1 tablespoon garam masala', '1 tablespoon ginger paste', '1 tablespoon chopped garlic', '1 tablespoon chopped green chile pepper', '2 cups tomato puree', '1 cup water', '1 tablespoon chili powder', 'salt to taste', '1 tablespoon honey', '½ teaspoon dried fenugreek leaves', '1 cup heavy cream']","['Make marinade: Place chicken in a nonporous glass dish or bowl. Add 1 tablespoon lemon juice, 1 tablespoon chili powder, and salt; stir to evenly coat chicken. Cover the dish and let marinate in the refrigerator for about 1 hour.', 'Line a strainer with cheesecloth. Place yogurt in the strainer and allow it to drain for 15 to 20 minutes. Transfer drained yogurt to a medium bowl. Mix remaining 2 tablespoons lemon juice, oil, garlic paste, ginger paste, melted butter, remaining 1 tablespoon chili powder, and garam masala into yogurt until well combined. Pour yogurt mixture over chicken, cover the dish, and refrigerate once more to marinate for 3 to 4 hours.', 'Preheat the oven to 400 degrees F (200 degrees C).', 'Place chicken on skewers; arrange in a 9x13-inch baking dish.', 'Bake in the preheated oven until almost cooked through, about 20 minutes.', 'Make sauce: Melt butter in a medium saucepan over medium heat. Stir in garam masala. When masala begins to crackle, mix in ginger paste, garlic, and green chile pepper. Sauté until tender, 2 to 3 minutes; stir in tomato purée, water, chili powder, and salt. Bring to a boil; reduce heat to low and simmer, stirring in honey and fenugreek.', 'Remove par-cooked chicken from skewers and place into sauce in the pan. Continue cooking until chicken is no longer pink inside, about 5 minutes. An instant-read thermometer inserted into the center should read at least 165 degrees F (74 degrees C). Stir in cream until incorporated.']","['492 Calories', '28g Fat', '19g Carbs', '36g Protein']"
https://www.allrecipes.com/recipe/279530/instant-pot-butter-chicken-from-frozen/,Instant Pot Butter Chicken from Frozen,4.3,,10 mins,45 mins,,,1 hr 15 mins,20 mins,3,"['6 tablespoons salted butter', '⅓ cup diced onion', '3 cloves garlic, minced', '9 ounces frozen cubed chicken', '1 (8 ounce) can tomato sauce', '¼ cup heavy cream', '1 tablespoon tandoori seasoning', '2 teaspoons garam masala', '1 pinch cayenne pepper', '¼ cup chopped fresh cilantro, or to taste']","['Turn on a multi-functional pressure cooker (such as Instant Pot) and select the Sauté function. Add butter, onion, and garlic; sauté until fragrant, 3 to 5 minutes.', ""Close and lock the lid. Select high pressure according to manufacturer's instructions. Set timer for 30 minutes. Allow 10 to 15 minutes for pressure to build."", ""Release pressure using the natural-release method according to manufacturer's instructions, about 15 minutes. Release remaining pressure using the quick-release method according to manufacturer's instructions, about 5 minutes. Unlock and remove the lid."", 'Stir in cream, tandoori seasoning, garam masala, and cayenne pepper to combine. Garnish servings with cilantro.']","['400 Calories', '33g Fat', '10g Carbs', '19g Protein']"
https://www.allrecipes.com/recipe/100117/lasooni-murgh-garlic-flavored-spicy-chicken/,Lasooni Murgh (Garlic Flavored Spicy Chicken),4.1,,20 mins,20 mins,,,10 hrs 40 mins,10 hrs,6,"['1 (8 ounce) container plain yogurt', '1 clove garlic, mashed into a paste', '2 tablespoons lemon juice', '1 ½ teaspoons garam masala', '2 teaspoons white pepper', '5 saffron threads', 'salt to taste', '1 ½ pounds skinless, boneless chicken, cut in 1-inch pieces', '1 tablespoon vegetable oil', '1 teaspoon cumin seed', '¼ cup heavy cream']","['Stir together the yogurt, garlic paste, lemon juice, garam masala, white pepper, and saffron; season to taste with salt. Toss the chicken in the yogurt and marinate in the refrigerator for 10 to 12 hours.', 'Heat the oil in a frying pan over medium-high heat. Toss in the cumin seeds and allow to cook until fragrant, 20 to 30 seconds. Add the chicken and brown in the oil. Discard any remaining marinade. Turn heat to medium-low, cover, and continue cooking until the chicken is cooked through, about 15 minutes. Pour in the cream and heat through. Serve immediately.']","['211 Calories', '8g Fat', '5g Carbs', '29g Protein']"
https://www.allrecipes.com/recipe/284163/chicken-tikka/,Chicken Tikka,5.0,,10 mins,20 mins,,,2 hrs 30 mins,2 hrs,2,"['½ cup chopped green chilies', '½ cup finely chopped cilantro', '4 tablespoons fat-free plain Greek yogurt', '2 tablespoons tomato paste', '1 tablespoon ginger paste', '1 tablespoon garlic paste', '1/2 tablespoon tikka masala', '2 drops red food coloring', 'salt to taste', '2 (5 ounce) skinless, boneless chicken breasts, cubed', 'nonstick cooking spray']","['Combine chilies, cilantro, yogurt, tomato paste, ginger paste, garlic paste, tikka masala, food coloring, and salt in a glass or ceramic bowl. Add chicken and marinate in the refrigerator for 2 hours, up to overnight.', 'Preheat the oven to 350 degrees F (175 degrees C). Line a cookie sheet with aluminum foil and spray with cooking spray.', ""Bake chicken in the preheated oven for 10 minutes; flip and spray with cooking spray. Continue to bake until chicken is no longer pink in the centers and juices run clear, 5 to 10 minutes more. Turn on the oven's broiler. Broil until browned, 3 to 5 minutes more.""]","['256 Calories', '7g Fat', '12g Carbs', '33g Protein']"
https://www.allrecipes.com/recipe/94552/bombay-chicken-and-rice/,Bombay Chicken and Rice,4.1,,20 mins,1 hr,,,1 hr 20 mins,,6,"['1 cup uncooked long-grain white rice', '6 ounces diced dried mixed fruit', '½ cup chopped onion', '1 ½ teaspoons sugar', '1 teaspoon salt', '2 cups water', '1 (3 pound) chicken, cut into pieces', '2 tablespoons butter, melted', '4 teaspoons curry powder, divided', '½ teaspoon paprika']","['Preheat oven to 375 degrees F (190 degrees C).', 'In a 9x13 inch baking pan, mix rice, fruit, onion, sugar and salt. Pour in water. Arrange chicken parts over the rice mixture. In a small bowl, mix butter, curry powder and paprika. Brush butter mixture over chicken pieces. Cover pan tightly with aluminum foil.', 'Bake 1 hour in the preheated oven, until chicken juices run clear and rice is tender.']","['517 Calories', '22g Fat', '46g Carbs', '34g Protein']"
https://www.allrecipes.com/recipe/105553/spicy-indian-chicken-and-mango-curry/,Spicy Indian Chicken and Mango Curry,4.2,,25 mins,10 mins,,,35 mins,,4,"['2 medium mangoes, peeled and sliced, divided', '1 (10 ounce) can coconut milk', '4 teaspoons vegetable oil', '4 teaspoons spicy curry paste', '14 ounces skinless, boneless chicken breast halves - cut into cubes', '4 medium shallots, sliced', '1 large English cucumber, seeded and sliced']","['Place half of the mango slices into the bowl of a blender with the coconut milk. Blend until smooth and reserve for later.', 'Heat the oil in a large pot over medium-high heat. Stir in the curry paste, and cook until fragrant, about 1 minute. Add the chicken and shallot; cook until the chicken is done and the shallots have softened, about 5 minutes. Pour in the mango puree, and cook until heated through. To serve, stir in the remaining mango slices and cucumber.']","['398 Calories', '20g Fat', '31g Carbs', '27g Protein']"
https://www.allrecipes.com/recipe/139888/easy-indian-style-chicken/,Easy Indian-Style Chicken,4.2,,20 mins,30 mins,,,50 mins,,4,"['2 tablespoons vegetable oil', '1 teaspoon cumin seed', '1 onion, finely chopped', '¼ cup tomato paste', '¼ cup water', '1 pound skinless, boneless chicken breast halves - cubed', '½ (14 ounce) can coconut milk', '½ teaspoon brown sugar', '½ teaspoon hot chile paste (Optional)', '1 pinch cayenne pepper (Optional)', '¾ teaspoon ground turmeric', 'salt and pepper to taste', '½ cup chopped cilantro']","['Heat the vegetable oil in a large skillet over medium heat. Add cumin seeds, and fry for a few minutes until they become fragrant and begin to pop. Stir in chopped onion, and cook until the onion has softened and turned translucent, 3 to 4 minutes.', 'Stir together tomato paste and water, and pour into skillet. Stir in chicken, and cook until it has firmed and turned white, about 5 minutes. Add coconut milk, brown sugar, chile paste, cayenne pepper, turmeric, salt, and pepper.', 'Bring mixture to a simmer, then reduce heat to medium-low, cover, and continue to simmer until the chicken is tender and no longer pink in the center, about 15 minutes. Sprinkle with chopped cilantro before serving.']","['316 Calories', '20g Fat', '11g Carbs', '25g Protein']"
https://www.allrecipes.com/recipe/262274/indian-chicken-korma-in-the-slow-cooker/,Indian Chicken Korma in the Slow Cooker,4.1,,20 mins,7 hrs 15 mins,,,7 hrs 35 mins,,4,"['2 onions, quartered', '1 large green chile pepper, seeded', '3 cloves garlic', '1 ½ inch piece fresh ginger root, peeled', '1 tablespoon sunflower seed oil', '8 boneless, skinless chicken thighs', '2 tablespoons butter', '1 teaspoon cumin seeds, crushed', '1 teaspoon fennel seeds, crushed', '4 cardamom pods, crushed', '1 teaspoon paprika', '1 teaspoon ground turmeric', '¼ teaspoon ground cinnamon', '11 ounces chicken stock', '1 tablespoon white sugar', '1 pinch salt', '5 tablespoons heavy cream', '2 tablespoons ground almonds']","['Combine onions, chile pepper, garlic, and ginger in a blender; blend until smooth. Cut each chicken thigh into 4 pieces.', 'Heat oil in a large skillet over high heat and brown chicken pieces in batches until evenly browned on all sides, about 5 minutes per batch. Transfer to a slow cooker.', 'Melt butter in the same skillet over medium heat and add onion mixture once butter has melted. Cook until flavors are well combined, about 3 minutes. Stir in cumin, fennel, cardamom, paprika, turmeric, and cinnamon and cook for 1 minute more. Mix in chicken stock, sugar, and salt; bring to a boil. Pour contents of skillet over chicken in the slow cooker. Cover.', 'Cook on Low until chicken is cooked through and flavors are well combined, about 7 hours. Stir in heavy cream and ground almonds.']","['436 Calories', '31g Fat', '15g Carbs', '25g Protein']"
https://www.allrecipes.com/recipe/274991/instant-pot-chicken-biryani/,Instant Pot® Chicken Biryani,4.5,,30 mins,35 mins,,,1 hr 40 mins,35 mins,4,"['1 ½ cups basmati rice', 'water', '7 ounces skinless, boneless chicken breast, cut into 1-inch cubes', '7 ounces skinless, boneless chicken thighs, cut into 1-inch cubes', '3 tablespoons Greek yogurt', '1 ½ tablespoons fresh lemon juice', '½ tablespoon grated fresh ginger', '½ tablespoon minced fresh garlic', '1 ½ teaspoons garam masala, divided', 'salt and ground black pepper to taste', '3 tablespoons ghee', '2 whole cloves', '2 pods cardamom, crushed', '1 bay leaf', '½ cinnamon stick', '1 teaspoon coriander seed', '1 teaspoon brown mustard seed', '¾ teaspoon cumin seeds', '1 large red onion, cut in half and thinly sliced', '1 ½ cups chicken stock', '½ cup roughly chopped fresh cilantro', '¼ cup roughly chopped fresh mint leaves', '½ teaspoon ground turmeric', '½ teaspoon paprika', '½ teaspoon red chile powder']","['Thoroughly rinse basmati rice in a strainer until water runs clear. Transfer rice to a bowl, add fresh water to cover, and set aside for 30 minutes.', 'Place chicken breast and chicken thigh pieces in a large bowl. Add Greek yogurt, lemon juice, ginger, garlic, 1/2 teaspoon garam masala, salt, and pepper. Mix well to coat chicken. Cover and refrigerate for 30 minutes.', 'Drain rice and remove marinated chicken from the refrigerator. Turn on a multi-functional pressure cooker (such as Instant Pot®), select Saute function, and add ghee. When ghee starts to bubble, add cloves, cardamom pods, bay leaf, cinnamon stick, coriander seed, mustard seed, and cumin seeds and saute until fragrant, 2 to 3 minutes. Add sliced onion and cook, stirring often, until tender and fragrant, about 5 minutes.', 'Add chicken and extra marinade to the cooker. Saute until browned on all sides, about 5 minutes. Turn off Saute function. Add rice, chicken stock, cilantro, mint, remaining 1 teaspoon garam masala, turmeric, paprika, and chili powder; stir until well mixed.', ""Close and lock the lid. Select high pressure according to manufacturer's instructions; set timer for 6 minutes. Allow 10 to 15 minutes for pressure to build."", ""Release pressure carefully using the quick-release method according to manufacturer's instructions, about 5 minutes. Unlock and remove the lid. Fluff with a fork and serve immediately.""]","['499 Calories', '17g Fat', '63g Carbs', '25g Protein']"
https://www.allrecipes.com/recipe/240336/slow-cooker-chicken-tikka-masala/,Slow Cooker Chicken Tikka Masala,4.3,,15 mins,3 hrs,,,3 hrs 15 mins,,6,"['1 (28 ounce) can crushed tomatoes', '1 small onion, chopped', '2 tablespoons garam masala', '1 tablespoon minced garlic', '1 tablespoon minced fresh ginger root', '1 tablespoon kosher salt', '1 tablespoon brown sugar', '½ teaspoon ground cumin', '½ teaspoon ground coriander', '2 pounds skinless, boneless chicken thighs', '½ cup plain low-fat Greek yogurt', '¼ cup chopped fresh cilantro']","['Stir tomatoes, onion, garam masala, garlic, ginger, salt, brown sugar, cumin, and coriander together in a slow cooker until well-mixed. Place chicken thighs in tomato mixture.', 'Cook on High for 3 to 4 hours (or on Low for 6 to 8 hours). Stir yogurt and cilantro into chicken mixture.']","['329 Calories', '17g Fat', '16g Carbs', '30g Protein']"
https://www.allrecipes.com/recipe/20036/indian-chicken-curry-i/,Indian Chicken Curry I,4.4,,15 mins,30 mins,,,45 mins,,6,"['8 bone-in chicken breast halves, skinless', 'salt and pepper to taste', '1 tablespoon olive oil', '2 onions, peeled and quartered', '1 teaspoon finely chopped fresh ginger root', '1 teaspoon crushed garlic', '1 tablespoon hot (Madras) curry powder', '1 (15 ounce) can tomato sauce', '1 (10 ounce) can coconut milk', '4 whole cloves', '4 pods cardamom', '1 cinnamon stick', 'salt to taste']","['Rinse chicken and pat dry; season with salt and pepper to taste. Heat oil in a large skillet over medium high heat, then saute chicken until browned. Remove chicken from skillet and set aside.', 'Saute onions in skillet until translucent; add ginger and garlic and saute until fragrant, then stir in curry powder.', 'Return chicken to skillet and add tomato sauce, coconut milk, cloves, cardamom and cinnamon stick. Season with salt to taste and stir all together.', 'Reduce heat to low and simmer until chicken is tender and cooked through (no longer pink inside), about 20 to 25 minutes.']","['305 Calories', '15g Fat', '10g Carbs', '33g Protein']"
https://www.allrecipes.com/recipe/246558/hyderabad-dum-biryani/,Hyderabad Dum Biryani,5.0,,35 mins,45 mins,,,3 hrs 35 mins,2 hrs 15 mins,6,"['10 black peppercorns', '6 whole cloves', '5 cardamom pods', '2 cinnamon sticks', '2 whole star anise pods', '½ teaspoon kala jeera (black cumin seeds)', '1 bunch fresh cilantro leaves', '1 bunch fresh mint leaves', '1 cup plain yogurt', '2 teaspoons lemon juice', '2 teaspoons ginger-garlic paste', '2 teaspoons chili powder', '1 teaspoon biryani masala powder (such as Dunya)', '¼ teaspoon ground turmeric', '1 pound chicken thighs', '3 ½ cups water', '2 ⅓ cups basmati rice', '4 bay leaves, divided', '½ cup warm milk', '1 pinch saffron threads', '¼ cup ghee (clarified butter), divided', '2 onions, thinly sliced', '2 green chile peppers, chopped']","['Place black peppercorns, cloves, cardamom, cinnamon sticks, star anise, and kala jeera into a spice grinder; grind to a fine powder.', 'Place cilantro and mint leaves in the bowl of a food processor; pulse until coarsely chopped.', 'Combine spice powder, cilantro-mint mixture, yogurt, lemon juice, ginger-garlic paste, chili powder, biryani masala powder, and turmeric in a large glass or ceramic bowl. Add chicken; toss to evenly coat. Cover bowl with plastic wrap and marinate in the refrigerator, about 2 hours.', 'Bring water and rice to a boil in a saucepan; add 2 bay leaves. Reduce heat to medium-low, cover, and simmer until rice is partially cooked through and still firm, about 5 minutes. Drain; set aside.', 'Combine milk and saffron in a small bowl; stir and set aside.', 'Heat ghee in a large pot with a tight-fitting lid over medium-high heat. Add onions; cook and stir until golden brown, about 15 minutes. Drain on paper towels; set aside.', 'Reduce heat to low. Add remaining 2 bay leaves and chile peppers; cook and stir until fragrant, 1 to 2 minutes. Carefully transfer 1 tablespoon ghee from the pot to a small bowl; set aside.', 'Remove chicken from marinade, wiping excess marinade off; add chicken to the pot. Discard remaining marinade. Cook over medium heat until no longer pink, about 2 minutes per side; spread rice on top, then sprinkle on onions. Drizzle reserved ghee and saffron milk over rice and onions.', 'Cover the pot; cook over high heat, about 8 minutes. Reduce heat to low; continue cooking, about 5 minutes. Remove from heat; let stand, covered, until rice is tender and an instant-read thermometer inserted into the thickest part of chicken reads 165 degrees F (74 degrees C), about 15 minutes more.']","['547 Calories', '18g Fat', '74g Carbs', '22g Protein']"
https://www.allrecipes.com/recipe/212719/methi-murgh-fenugreek-chicken/,Methi Murgh (Fenugreek Chicken),4.4,,10 mins,45 mins,,,55 mins,,6,"['¼ cup cooking oil', '1 (4 to 6 pound) whole chicken, cut into 8 pieces (skin removed and discarded)', '1 teaspoon cumin seeds', '1 cinnamon stick', '1 black cardamom pod', '4 whole cloves', '1 large onion, sliced thin', '1 tablespoon ginger-garlic paste', '4 green chile peppers, halved lengthwise', '½ cup chopped fresh spinach', '½ cup chopped fresh fenugreek leaves', '1 tablespoon dried fenugreek leaves', '½ teaspoon ground turmeric', '½ teaspoon ground red pepper', 'salt to taste', '1 cup water', '½ teaspoon garam masala']","['Heat the oil in a pressure cooker over medium heat; brown the chicken pieces evenly on all sides, about 5 minutes. Remove from cooker and set aside. Add the cumin seeds, cinnamon stick, cardamom pod, cloves, onion slices, ginger-garlic paste, and green chile peppers to the pressure cooker and cook until the onions are golden brown, 5 to 7 minutes. Stir the spinach, fresh fenugreek leaves, dried fenugreek leaves, turmeric, red pepper, and salt into the mixture and cook until the spinach and fenugreek leaves begin to wilt and darken in color, about 5 minutes. Pour the water over the mixture and return the chicken pieces to the pressure cooker; bring to a boil for 2 to 3 minutes.', 'Fasten the lid on the pressure cooker; cook until the chicken is tender, about 30 minutes. Release pressure fully and remove the lid; sprinkle the garam masala over the dish. Cook and stir until the liquid thickens, 3 to 5 minutes. Serve hot.']","['493 Calories', '34g Fat', '8g Carbs', '37g Protein']"
https://www.allrecipes.com/recipe/246849/kadai-chicken/,Kadai Chicken,4.7,,15 mins,18 mins,,,33 mins,,4,"['5 teaspoons vegetable oil', '7 dried red chile peppers, finely chopped', '5 tomatoes, finely chopped', '4 boneless chicken breasts, cut into bite-size pieces']","['Heat oil in a large skillet over medium heat. Add chile peppers; cook and stir until browned, about 1 minute. Add tomatoes; cook and stir until softened and reduced, about 7 minutes. Stir in chicken; cook and stir until it is dark red and sauce thickens and starts to stick to the pan, 10 to 15 minutes.']","['339 Calories', '12g Fat', '33g Carbs', '29g Protein']"
https://www.allrecipes.com/recipe/159251/roasted-curried-chicken-with-couscous/,Roasted Curried Chicken with Couscous,4.4,,30 mins,1 hr 30 mins,,,2 hrs,,5,"['2 tablespoons smoked paprika', '1 tablespoon chili powder', '7 ½ teaspoons curry powder', '4 ½ teaspoons onion powder', '1 ¼ teaspoons salt', '1 teaspoon garlic powder', '¼ teaspoon ground black pepper', '¼ teaspoon rubbed sage', '1 pinch ground ginger (Optional)', '2 tablespoons fresh lemon juice', '½ cup chicken broth', '¼ cup vegetable oil', '1 (2 1/2 pound) whole chicken, rinsed and patted dry', '1 cup chicken broth', '3 cups water', '2 tablespoons fresh lemon juice', '2 tablespoons butter', '2 ¼ cups dry couscous', '1 tablespoon curry powder', '2 teaspoons onion powder', '2 teaspoons smoked paprika', '½ teaspoon rubbed sage', '¼ teaspoon garlic powder', '1 bay leaf']","['Preheat oven to 400 degrees F (200 degrees C).', 'Stir together 2 tablespoons of smoked paprika, chili powder, 7 1/2 teaspoons curry powder, 4 1/2 teaspoons onion powder, salt, 1 teaspoon garlic powder, black pepper, 1/4 teaspoon sage, and ginger in a small bowl. Pour in 2 tablespoons lemon juice, 1/2 cup chicken broth, and vegetable oil; stir to form a paste.', 'Rub a little of the paste on the inside cavity of the chicken, then massage the remaining paste all over the chicken, placing it under the skin where you can. Truss the chicken if desired, and place onto a roasting pan.', 'Roast in preheated oven until the chicken is no longer pink and the juices run clear, about 90 minutes. If using a meat thermometer, be sure the chicken has reached at least 165 degrees F (75 degrees C) in the thickest part of the thigh.', 'While the chicken is roasting, bring 1 cup chicken broth, water, 2 tablespoons lemon juice, and butter to a boil in a large saucepan. Stir together the couscous 1 tablespoon curry powder, 2 teaspoons onion powder, 2 teaspoons paprika, 1/2 teaspoon sage, 1/4 teaspoon garlic powder, and the bay leaf in a large bowl. Stir the couscous into the boiling liquid, and cook for 3 minutes. Turn the heat off and cover. Keep the couscous warm until the chicken is ready.']","['760 Calories', '35g Fat', '70g Carbs', '42g Protein']"
https://www.allrecipes.com/recipe/34974/reshmi-kebab-silken-kebabs/,Reshmi Kebab (Silken Kebabs),4.4,,30 mins,30 mins,,,1 day 1 hr,1 day,6,"['6 almonds', '6 jalapeno peppers, seeded and chopped', '8 cloves garlic', '1 inch piece fresh ginger root, peeled', '1 cup chopped fresh cilantro', 'salt to taste', '1 lemon, juiced', '½ cup heavy cream', '2 pounds skinless, boneless chicken breast halves - cut into 1 1/2 inch pieces', '2 tablespoons butter']","['Place almonds in a small bowl and cover with water. Allow to soak for 15 to 20 minutes; drain. Place almonds, peppers, garlic, ginger, and cilantro into the bowl of a food processor; blend until smooth. Season with salt, and blend in lemon juice. Blend in cream.', 'Transfer mixture to a large, non metallic bowl. Place chicken in bowl, and turn to coat. Cover, and marinate in refrigerator for 24 hours.', 'Preheat grill for high heat, and lightly oil grate. Remove meat from marinade, and thread onto skewers.', 'Brush meat with butter, and arrange skewers on hot grate. Slowly cook the chicken until cooked through.']","['293 Calories', '16g Fat', '5g Carbs', '33g Protein']"
https://www.allrecipes.com/recipe/213470/chicken-chicken-curry/,Chicken Chicken Curry,4.2,,15 mins,1 hr 10 mins,,,1 hr 25 mins,,6,"['3 tablespoons olive oil', '1 red onion, thinly sliced, divided', 'salt to taste', '1 bay leaf', '1 tablespoon water', '1 tablespoon ground turmeric', '½ teaspoon chili powder', '½ teaspoon paprika', '2 tablespoons ground ginger', '2 tablespoons minced garlic', '1 tablespoon water', '2 ¼ pounds skinless, boneless chicken breast, cut in bite-sized pieces', '1 tomato, thinly sliced', '¼ teaspoon white sugar', '3 cardamom pods, lightly crushed', '3 whole cloves', '1 (2 inch) cinnamon stick', '1 tablespoon ghee (clarified butter)', '1 tablespoon water', '1 tablespoon ground coriander', '1 bunch cilantro, chopped']","['Heat the olive oil in a skillet over high heat. Stir in 1/3 of the onion; cook and stir until the onion is golden brown and crisp, about 5 minutes. Season with salt. Remove the onion from the oil and drain on a paper towel-lined plate. Set aside.', 'Place the remaining 2/3 of onion and the bay leaf into the same skillet over high heat. Cook and stir until the onion has turned golden brown, about 5 minutes. Stir in 1 tablespoon of water, then add the turmeric, chili powder, paprika, ginger, and garlic. Reduce heat to medium-high and continue to cook and stir until the liquid has reduced, then stir in another tablespoon of water.', 'Place the chicken and tomato slices into the onion mixture. Season with salt and sugar. Stir in the cardamom pods, cloves, cinnamon stick, ghee, and 1 tablespoon of water. Cover and simmer on low until the liquid has reduced, 30 to 35 minutes. Stir in the coriander. Simmer until the liquid has evaporated. Sprinkle with cilantro and reserved fried onions before serving.']","['289 Calories', '13g Fat', '8g Carbs', '34g Protein']"
https://www.allrecipes.com/recipe/210514/hara-masala-murgh/,Hara Masala Murgh,5.0,,15 mins,40 mins,,,55 mins,,8,"['1 whole chicken, cut into 8 pieces', '1 teaspoon ginger paste', '1 teaspoon garlic paste', '1 teaspoon salt', '½ cup vegetable oil', '1 ½ cups plain yogurt', '¼ cup ground almonds', '½ teaspoon ground cumin', '½ teaspoon ground coriander', '½ teaspoon ground turmeric', '6 green chile peppers, mashed into a paste', '1 cup chopped fresh cilantro leaves', '¼ cup chopped fresh mint', '1 cup shredded coconut', 'salt to taste', '1 cup water', '¼ cup heavy cream (Optional)']","['Thoroughly rub chicken pieces with ginger paste, garlic paste, and 1 teaspoon salt.', 'Heat the oil in a large deep saucepan or a kadhai over medium-high heat; fry the chicken pieces in the oil on both sides until well browned, about 5 minutes.', 'Mix the yogurt, almonds, cumin, coriander, and turmeric together in a bowl. Pour the yogurt mixture over the chicken and turn to coat; cook another 10 minutes. Stir the mashed chile peppers, cilantro, and mint into the pot; season with salt. Add the water, cover, reduce heat to low, and continue cooking until the chicken is tender, about 20 minutes more. Stir the cream into the sauce just before removing from heat to serve.']","['478 Calories', '31g Fat', '15g Carbs', '34g Protein']"
https://www.allrecipes.com/recipe/284161/chicken-tikka-kebabs/,Chicken Tikka Kebabs,5.0,,10 mins,15 mins,,,4 hrs 25 mins,4 hrs,4,"['6 tablespoons plain yogurt', '2 cloves garlic, crushed', '1 teaspoon ground cumin', '1 teaspoon ground turmeric', '1 teaspoon freshly grated ginger', '½ teaspoon ground black pepper', '½ teaspoon chile flakes', '½ teaspoon ground cinnamon', '4 (5 ounce) skinless, boneless chicken breast halves', 'metal skewers']","['Combine yogurt, garlic, cumin, turmeric, ginger, pepper, chile flakes, and cinnamon in a glass or ceramic bowl; mix well.', 'Chop chicken into small chunks and add to the yogurt mixture. Cover with plastic wrap and marinate in the refrigerator for 4 hours or overnight.', 'Preheat an outdoor grill for medium heat and lightly oil the grate.', 'Remove chicken from the refrigerator and thread onto skewers. Place on the preheated grill and cook, turning occasionally, until no longer pink in the center and the juices run clear, about 15 minutes. An instant-read thermometer inserted into the center should read at least 165 degrees F (74 degrees C).']","['180 Calories', '4g Fat', '3g Carbs', '31g Protein']"
https://www.allrecipes.com/recipe/237348/tandoori-chicken-burgers/,Tandoori Chicken Burgers,4.5,,15 mins,25 mins,,,2 days 40 mins,2 days,4,"['1 pound ground chicken', '1 small red onion, chopped', '½ cup chopped fresh cilantro', '2 tablespoons ground red chile pepper (Optional)', '2 tablespoons non-fat plain yogurt', '1 tablespoon tandoori paste', '1 tablespoon lemon juice', '1 tablespoon finely chopped fresh parsley', '2 teaspoons ground cumin', '1 teaspoon red pepper flakes (Optional)', '1 teaspoon garlic paste', '1 teaspoon ginger paste', '½ teaspoon garam masala', '1 cup bread crumbs', '1 egg', '2 tablespoons extra-virgin olive oil']","['Mix chicken, red onion, cilantro, chili powder, yogurt, tandoori paste, lemon juice, parsley, cumin, red pepper flakes, garlic paste, ginger paste, and garam masala together in a bowl; cover with plastic wrap and marinate in refrigerator for up to 2 days.', 'Preheat oven to 350 degrees F (175 degrees C).', 'Stir bread crumbs and egg into chicken mixture; form into patties. Arrange patties on a baking sheet.', 'Bake in the preheated oven until cooked through, 5 to 8 minutes per side.', 'Heat olive oil in a skillet over medium heat; cook burgers in the hot oil until browned, 7 to 8 minutes per side. An instant-read thermometer inserted into the center should read at least 165 degrees F (74 degrees C).']","['344 Calories', '12g Fat', '25g Carbs', '33g Protein']"
https://www.allrecipes.com/recipe/276149/indian-chicken-saag/,Indian Chicken Saag,4.5,,25 mins,35 mins,,,1 hr,,6,"['2 ½ pounds boneless, skinless chicken thighs, cubed', '2 tablespoons olive oil, divided, or more as needed', '2 teaspoons ground cumin, divided', '2 teaspoons ground coriander, divided', '2 teaspoons garam masala, divided', 'salt and ground black pepper to taste', '1 (8 ounce) package fresh spinach', '¼ tablespoon butter', '1 medium onion, diced', '5 cloves garlic, minced', '3 fresh red chile pepper, minced', '2 tablespoons minced fresh ginger root', '5 fresh curry leaves', '5 cardamom pods', '1 teaspoon mustard seed', '1 teaspoon ground turmeric', '½ (8 ounce) can tomato paste', '2 (6.5 ounce) cans tomato sauce', '1 teaspoon honey', '12 ounces paneer, diced', '¼ cup heavy cream, or more to taste']","['Drizzle chicken with 1 tablespoon olive oil. Season with 1 teaspoon cumin, 1 teaspoon coriander, 1 teaspoon garam masala, salt, and pepper.', 'Heat a skillet over medium-high heat. Add chicken; cook and stir until nicely browned and cooked through, about 10 minutes. Remove from the skillet.', 'Heat 1 tablespoon oil in a separate pan over medium heat. Add spinach and season with salt; cook, covered, until spinach is wilted, 2 to 3 minutes. Remove from heat and set aside.', 'Melt butter in the same skillet used for chicken over medium-high heat. Saute onion and a pinch of salt in the hot pan until onion has softened, stirring to pick up browned bits left from the chicken, 5 to 7 minutes. Add garlic, chile peppers, and ginger; cook for 1 to 2 minutes, adding olive oil if necessary.', 'Add curry leaves, cardamom pods, mustard seed, and turmeric; cook and stir for 30 seconds. Stir in tomato paste and continue to cook, 1 to 2 minutes. Add tomato sauce, honey, and sauteed spinach; reduce heat to low.', 'Blend sauce mixture in the skillet using an immersion blender until smooth. Continue to let simmer, 10 to 20 minutes.', 'Remove from heat. Add chicken and stir in paneer and heavy cream.']","['530 Calories', '32g Fat', '18g Carbs', '43g Protein']"
https://www.allrecipes.com/gallery/chicken-biryani-recipes/,7 Chicken Biryani Recipes That Are Full of Flavor,,Corey Williams,,,,,,,,[],[],[]
https://www.allrecipes.com/recipe/20243/chicken-curry-v/,Chicken Curry V,4.4,,10 mins,35 mins,,,45 mins,,4,"['2 tablespoons olive oil', '1 (2 inch) piece cinnamon stick', '1 whole cardamom pod', '½ star anise pod', '3 whole cloves', '2 teaspoons chopped fresh curry leaves', '1 tablespoon chopped shallots', '4 cloves garlic, chopped', '1 slice fresh ginger root, chopped', '4 tablespoons curry paste', '½ cup thick coconut milk', '2 cups water', '3 pounds skinless, boneless chicken breast halves - cut into 2 inch pieces', '2 tablespoons tamarind juice', 'salt to taste']","['Heat oil in a large, deep skillet over medium heat. Saute the cinnamon, cardamom, anise, cloves and curry leaves for 2 to 3 minutes, then stir in shallots, garlic and ginger and saute until fragrant. Stir in curry paste and cook for 5 minutes, stirring constantly.', 'Pour in the coconut milk and water and let simmer for 3 to 4 minutes; add chicken, tamarind juice and salt and simmer, stirring occasionally, for 20 minutes.']","['491 Calories', '20g Fat', '8g Carbs', '67g Protein']"
https://www.allrecipes.com/recipe/241741/country-captain-chicken-with-rice/,Country Captain Chicken with Rice,4.3,,25 mins,1 hr 50 mins,,,2 hrs 15 mins,,8,"['1 whole whole chicken, cut into 8 pieces', '1 teaspoon ground thyme', 'kosher salt and freshly ground black pepper to taste', '¼ cup canola oil', '6 slices applewood smoked bacon, chopped', '1 large yellow onion, diced small', '3 ribs celery, chopped', '2 green bell peppers, chopped', '4 cloves garlic, minced', '1 (28 ounce) can whole peeled tomatoes, drained and chopped, liquid reserved', '¼ cup dried currants, plus more for garnish', '¼ cup golden raisins, or to taste', '3 tablespoons Madras curry powder', '2 tablespoons unsalted butter', '2 bay leaves', '2 cups cooked basmati rice', '2 tablespoons peanuts, or to taste', '2 tablespoons chopped fresh parsley']","['Season chicken with thyme, kosher salt, and black pepper.', 'Heat oil in a 5-quart Dutch oven over high heat. Place chicken pieces, skin-side down, in hot oil and cook until golden brown, 2 to 5 minutes. Transfer chicken to a plate; drain and discard oil.', 'Reduce heat to medium and add bacon to the Dutch oven. Cook and stir until bacon is browned and crispy, 7 to 10 minutes. Transfer bacon to a paper towel-lined plate. Chop into smaller pieces.', 'Cook and stir onion, celery, bell peppers, and garlic in the Dutch oven over medium heat until soft, about 10 minutes. Add chopped tomatoes, 3/4 cup reserved tomato liquid, currants, raisins, curry powder, butter, bay leaves, salt, and black pepper; bring to a simmer, reduce heat to medium-low, cover the Dutch oven with a lid, and simmer until sauce is thickened, about 30 minutes.', 'Preheat oven to 325 degrees F (165 degrees C).', 'Return chicken to Dutch oven and spoon sauce over the top. Cover the Dutch oven with a lid.', 'Bake in the preheated oven until chicken is tender, about 1 hour. An instant-read thermometer inserted into the thickest part of the thigh, near the bone should read 165 degrees F (74 degrees C).', 'Press 1/2 cup rice into a small bowl and invert onto a plate to remove. Set 2 pieces of chicken on rice and spoon sauce over the top. Repeat with remaining rice, chicken, and sauce. Garnish each with bacon, currants, peanuts, and parsley.']","['783 Calories', '62g Fat', '29g Carbs', '28g Protein']"
https://www.allrecipes.com/recipe/79785/wendys-indian-butter-chicken/,Wendy's Indian Butter Chicken,4.4,,15 mins,30 mins,,,45 mins,,6,"['¼ cup vegetable oil', '1 ½ onions, chopped', '1 clove garlic', '2 tablespoons water', '8 tomatoes', '1 large green bell pepper', '1 tablespoon salt', '2 teaspoons garam masala', '1 teaspoon chili powder', '½ cup heavy cream', '¼ cup butter', '4 skinless, boneless chicken breast halves - cut into bite-size pieces']","['Heat the oil in a skillet over medium heat. Finely chop the onions and garlic in a blender or food processor, and cook in the skillet until tender. Puree the tomatoes and green bell pepper in the blender or food processor, and mix into the skillet. Season with salt, garam masala, and chili powder. Stir in the cream and butter, and continue cooking until heated through.', 'Mix the chicken into the skillet. Cover, and simmer 20 minutes, or until chicken juices run clear.']","['347 Calories', '26g Fat', '12g Carbs', '18g Protein']"
https://www.allrecipes.com/recipe/217328/jonagolds-chicken-vindaloo/,Jonagold's Chicken Vindaloo,4.7,,30 mins,55 mins,,,2 hrs 25 mins,1 hr,4,"['2 pounds skinless chicken drumsticks', '5 tablespoons vegetable oil', '2 onions, finely chopped', '4 large cloves garlic, minced', '½ inch piece fresh ginger root, minced', '3 tablespoons distilled white vinegar', '1 teaspoon ground coriander', '1 teaspoon ground cumin', '1 teaspoon garam masala', '½ teaspoon ground black pepper', 'salt to taste', '½ teaspoon ground turmeric', '½ teaspoon cayenne pepper', '8 dried curry leaves', '½ teaspoon black mustard seeds', '¼ cup water', '1 quart vegetable oil for frying', '1 large potato, peeled and cut into 1 inch pieces', '2 tablespoons distilled white vinegar']","['Cut a few shallow slits into each chicken drumstick, and place into a resealable plastic bag; set aside. Heat 5 tablespoons of vegetable oil in a Dutch oven or large pot over medium-high heat. Stir in the onion, garlic, and ginger. Cook and stir until the onion has turned golden brown, about 7 minutes. Remove the pot from the heat, and use a slotted spoon to scoop the onion mixture into a blender. Leave as much oil in the pot as you can, and set aside. Add 3 tablespoons white vinegar, coriander, cumin, garam masala, black pepper, salt, turmeric, and cayenne pepper. Puree until smooth, then pour into the bag with the chicken; mix until the chicken is evenly coated, and squeeze out excess air. Marinate at room temperature for 1 hour, or in the refrigerator for 3 hours or longer.', 'After the chicken has marinated, heat the oil left in the Dutch oven over high heat, and stir in the curry leaves and mustard seeds. Once the mustard seeds have finished popping and have turned gray, remove the chicken from its marinade, and cook until browned on all sides, about 5 minutes. Pour in the remaining marinade and water. Bring to a simmer, then reduce heat to medium-low, cover, and simmer 20 minutes.', 'Heat oil in a deep-fryer or large saucepan to 375 degrees F (190 degrees C).', 'While the chicken is cooking, deep fry the potato cubes until golden brown. Drain on a paper towel-lined plate. Once the chicken has cooked for 20 minutes, stir in the potatoes and 2 tablespoons of white vinegar. Recover, and continue to simmer until the chicken is no longer pink at the bone, at least more 10 minutes.']","['717 Calories', '48g Fat', '25g Carbs', '45g Protein']"
https://www.allrecipes.com/recipe/284162/indian-chicken-tikka-skewers/,Indian Chicken Tikka Skewers,3.0,,10 mins,20 mins,,,12 hrs 45 mins,12 hrs 15 mins,4,"['2 cups plain yogurt', '2 tablespoons tomato paste', '2 tablespoons lemon juice', '1 (1 inch) piece fresh ginger, chopped', '4 cloves garlic, minced', '2 teaspoons ground cumin', '2 teaspoons ground coriander', '2 teaspoons curry powder', '½ teaspoon paprika', '4 (5 ounce) skinless, boneless chicken breasts, cubed', 'bamboo skewers, soaked in water for 30 minutes', '3 tablespoons butter, melted']","['Mix yogurt, tomato paste, lemon juice, ginger, garlic, cumin, coriander, curry, and paprika together in a glass or ceramic bowl. Refrigerate for 8 hours or overnight.', 'Add chicken to the marinade, cover, and refrigerate for at least 4 hours.', 'Bring chicken to room temperature, 15 to 20 minutes. Skewer on bamboo skewers and place on a baking sheet.', 'Meanwhile, preheat the oven to 350 degrees F (175 degrees C).', 'Bake in the preheated oven until chicken is no longer pink in the center, 20 to 35 minutes, drizzling with melted butter during the last 5 minutes of cooking.']","['336 Calories', '15g Fat', '14g Carbs', '37g Protein']"
https://www.allrecipes.com/recipe/246969/indian-style-chettinad-chicken/,"Indian-Style ""Chettinad"" Chicken",5.0,,5 mins,20 mins,,,40 mins,15 mins,4,"['1 pound chicken thighs, or more to taste', '½ teaspoon ground turmeric', '½ teaspoon ground cumin', '½ teaspoon chile powder', 'salt to taste', '3 tablespoons vegetable oil', '½ onion, chopped', '2 dried red chile peppers, or more to taste', '1 teaspoon hulled, split pigeon peas (toor dal)', '½ teaspoon whole fenugreek seeds', '½ cup water']","['Combine chicken thighs, turmeric, cumin, chile powder, and salt in a large bowl; mix until thoroughly coated. Cover with plastic wrap and let marinate in the refrigerator, about 15 minutes.', 'Heat oil in a large skillet over medium heat. Add onion, chile peppers, split pigeon peas, and fenugreek seeds; cook and stir until fragrant, about 3 minutes. Add chicken; cook until browned, about 5 minutes per side. Reduce heat and stir in water. Scrape up browned bits from the bottom of the skillet and simmer until flavors combine, about 7 minutes.']","['284 Calories', '22g Fat', '4g Carbs', '18g Protein']"
